Workbook
Name Slicer_Package_Size: #N/A
Name Slicer_Package_Type: #N/A
Name Slicer_Protection: #N/A

Sheet Working Sheet
F1: Value (in 1000 $) | I1: Volume (in 1000)
F2: 2022 | G2: 2023 | H2: YTD 24 | I2: 2022 | J2: 2023 | K2: YTD 24
A3: FreshClean | B3: BRAND | C3: PACKAGE TYPE | D3: PROTECTION / CARE | E3: PACKAGE SIZE | F3: 31416.343 | G3: 32432.398 | H3: 17382.01 | I3: 1194607.9 | J3: 1188013.2 | K3: 600950.98
A4: Nova Garbagnate | B4: MANUFACTURER | F4: 1.935 | G4: 0.624 | I4: 24.8229 | J4: 9.4086 | M4: =IF(B3="ITEM",A3,"")
A5: BABY 2000 (Nova Garbagnate) | B5: BRAND | F5: 1.935 | G5: 0.624 | I5: 24.8229 | J5: 9.4086 | M5: =IF(B4="ITEM",A4,"")
A6: BABY2000 CAMOMILLA W 20 BAG ABA SRL | B6: ITEM | C6: BAGS | D6: WITHOUT EXTRA PROTECTCARE INDICATION | E6: 20 | F6: 1.935 | G6: 0.624 | I6: 24.8229 | J6: 9.4086 | M6: =IF(B5="ITEM",A5,"")
A7: BeneCare | B7: MANUFACTURER | F7: 0.0109 | I7: 0.16 | M7: =IF(B6="ITEM",A6,"") -> BABY2000 CAMOMILLA W 20 BAG ABA SRL | N7: =IF(B4="MANUFACTURER",A4,N6) -> Nova Garbagnate | O7: =IF(B5="BRAND",A5,O6) -> BABY 2000 (Nova Garbagnate) | P7: =IF(B6="ITEM",N7,"") -> Nova Garbagnate | R7: =IF(B6="ITEM",O7,"") -> BABY 2000 (Nova Garbagnate) | T7: BABY2000 CAMOMILLA W 20 BAG ABA SRL | U7: =IF(B6="ITEM",C6,"") -> BAGS | V7: =IF(B6="ITEM",D6,"") -> WITHOUT EXTRA PROTECTCARE INDICATION | W7: =IF(B6="ITEM",E6,"") -> 20 | X7: =IF(B6 = "ITEM",F6,"") -> 1.935 | Y7: =IF(B6="ITEM",G6,"") -> 0.624 | Z7: =IF(B6="ITEM",H6,"") -> 0 | AA7: =IF(B6="ITEM",I6,"") -> 24.8229 | AB7: =IF(B6="ITEM",J6,"") -> 9.4086 | AC7: =IF(B6="ITEM",K6,"") -> 0
A8: BAMBO (BeneCare) | B8: BRAND | F8: 0.0109 | I8: 0.16 | M8: =IF(B7="ITEM",A7,"") | N8: =IF(B5="MANUFACTURER",A5,N7) -> Nova Garbagnate | O8: =IF(B6="BRAND",A6,O7) -> BABY 2000 (Nova Garbagnate) | P8: =IF(B7="ITEM",N8,"") | R8: =IF(B7="ITEM",O8,"") | U8: =IF(B7="ITEM",C7,"") | V8: =IF(B7="ITEM",D7,"") | W8: =IF(B7="ITEM",E7,"") | X8: =IF(B7 = "ITEM",F7,"") | Y8: =IF(B7="ITEM",G7,"") | Z8: =IF(B7="ITEM",H7,"") | AA8: =IF(B7="ITEM",I7,"") | AB8: =IF(B7="ITEM",J7,"") | AC8: =IF(B7="ITEM",K7,"")
A9: BAMBO NATURE W 10 BAG | B9: ITEM | C9: BAGS | D9: WITHOUT EXTRA PROTECTCARE INDICATION | E9: 10 | M9: =IF(B8="ITEM",A8,"") | N9: =IF(B6="MANUFACTURER",A6,N8) -> Nova Garbagnate | O9: =IF(B7="BRAND",A7,O8) -> BABY 2000 (Nova Garbagnate) | P9: =IF(B8="ITEM",N9,"") | R9: =IF(B8="ITEM",O9,"") | U9: =IF(B8="ITEM",C8,"") | V9: =IF(B8="ITEM",D8,"") | W9: =IF(B8="ITEM",E8,"") | X9: =IF(B8 = "ITEM",F8,"") | Y9: =IF(B8="ITEM",G8,"") | Z9: =IF(B8="ITEM",H8,"") | AA9: =IF(B8="ITEM",I8,"") | AB9: =IF(B8="ITEM",J8,"") | AC9: =IF(B8="ITEM",K8,"")
A10: BAMBO NATURE W 50 BAG | B10: ITEM | C10: BAGS | D10: WITHOUT EXTRA PROTECTCARE INDICATION | E10: 50 | M10: =IF(B9="ITEM",A9,"") -> BAMBO NATURE W 10 BAG | N10: =IF(B7="MANUFACTURER",A7,N9) -> BeneCare | O10: =IF(B8="BRAND",A8,O9) -> BAMBO (BeneCare) | P10: =IF(B9="ITEM",N10,"") -> BeneCare | R10: =IF(B9="ITEM",O10,"") -> BAMBO (BeneCare) | T10: BAMBO NATURE W 10 BAG | U10: =IF(B9="ITEM",C9,"") -> BAGS | V10: =IF(B9="ITEM",D9,"") -> WITHOUT EXTRA PROTECTCARE INDICATION | W10: =IF(B9="ITEM",E9,"") -> 10 | X10: =IF(B9 = "ITEM",F9,"") -> 0 | Y10: =IF(B9="ITEM",G9,"") -> 0 | Z10: =IF(B9="ITEM",H9,"") -> 0 | AA10: =IF(B9="ITEM",I9,"") -> 0 | AB10: =IF(B9="ITEM",J9,"") -> 0 | AC10: =IF(B9="ITEM",K9,"") -> 0
A11: BAMBO NATURE 0%PERFUME W 80 BAG | B11: ITEM | C11: BAGS | D11: WITHOUT EXTRA PROTECTCARE INDICATION | E11: 80 | M11: =IF(B10="ITEM",A10,"") -> BAMBO NATURE W 50 BAG | N11: =IF(B8="MANUFACTURER",A8,N10) -> BeneCare | O11: =IF(B9="BRAND",A9,O10) -> BAMBO (BeneCare) | P11: =IF(B10="ITEM",N11,"") -> BeneCare | R11: =IF(B10="ITEM",O11,"") -> BAMBO (BeneCare) | T11: BAMBO NATURE W 50 BAG | U11: =IF(B10="ITEM",C10,"") -> BAGS | V11: =IF(B10="ITEM",D10,"") -> WITHOUT EXTRA PROTECTCARE INDICATION | W11: =IF(B10="ITEM",E10,"") -> 50 | X11: =IF(B10 = "ITEM",F10,"") -> 0 | Y11: =IF(B10="ITEM",G10,"") -> 0 | Z11: =IF(B10="ITEM",H10,"") -> 0 | AA11: =IF(B10="ITEM",I10,"") -> 0 | AB11: =IF(B10="ITEM",J10,"") -> 0 | AC11: =IF(B10="ITEM",K10,"") -> 0
A12: BAMBO NATURE W 80 BAG KAPAK | B12: ITEM | C12: BAGS | D12: WITHOUT EXTRA PROTECTCARE INDICATION | E12: 80 | F12: 0.0109 | I12: 0.16 | M12: =IF(B11="ITEM",A11,"") -> BAMBO NATURE 0%PERFUME W 80 BAG | N12: =IF(B9="MANUFACTURER",A9,N11) -> BeneCare | O12: =IF(B10="BRAND",A10,O11) -> BAMBO (BeneCare) | P12: =IF(B11="ITEM",N12,"") -> BeneCare | R12: =IF(B11="ITEM",O12,"") -> BAMBO (BeneCare) | T12: BAMBO NATURE 0%PERFUME W 80 BAG | U12: =IF(B11="ITEM",C11,"") -> BAGS | V12: =IF(B11="ITEM",D11,"") -> WITHOUT EXTRA PROTECTCARE INDICATION | W12: =IF(B11="ITEM",E11,"") -> 80 | X12: =IF(B11 = "ITEM",F11,"") -> 0 | Y12: =IF(B11="ITEM",G11,"") -> 0 | Z12: =IF(B11="ITEM",H11,"") -> 0 | AA12: =IF(B11="ITEM",I11,"") -> 0 | AB12: =IF(B11="ITEM",J11,"") -> 0 | AC12: =IF(B11="ITEM",K11,"") -> 0
A13: VigaLife | B13: MANUFACTURER | F13: 3341.5013 | G13: 3428.0437 | H13: 1852.1969 | I13: 125970.25 | J13: 127615.61 | K13: 64977.618 | M13: =IF(B12="ITEM",A12,"") -> BAMBO NATURE W 80 BAG KAPAK | N13: =IF(B10="MANUFACTURER",A10,N12) -> BeneCare | O13: =IF(B11="BRAND",A11,O12) -> BAMBO (BeneCare) | P13: =IF(B12="ITEM",N13,"") -> BeneCare | R13: =IF(B12="ITEM",O13,"") -> BAMBO (BeneCare) | T13: BAMBO NATURE W 80 BAG KAPAK | U13: =IF(B12="ITEM",C12,"") -> BAGS | V13: =IF(B12="ITEM",D12,"") -> WITHOUT EXTRA PROTECTCARE INDICATION | W13: =IF(B12="ITEM",E12,"") -> 80 | X13: =IF(B12 = "ITEM",F12,"") -> 0.0109 | Y13: =IF(B12="ITEM",G12,"") -> 0 | Z13: =IF(B12="ITEM",H12,"") -> 0 | AA13: =IF(B12="ITEM",I12,"") -> 0.16 | AB13: =IF(B12="ITEM",J12,"") -> 0 | AC13: =IF(B12="ITEM",K12,"") -> 0
A14: BABY CREMA (VigaLife) | B14: BRAND | F14: 3341.5013 | G14: 3428.0437 | H14: 1852.1969 | I14: 125970.25 | J14: 127615.61 | K14: 64977.618 | M14: =IF(B13="ITEM",A13,"") | N14: =IF(B11="MANUFACTURER",A11,N13) -> BeneCare | O14: =IF(B12="BRAND",A12,O13) -> BAMBO (BeneCare) | P14: =IF(B13="ITEM",N14,"") | R14: =IF(B13="ITEM",O14,"") | U14: =IF(B13="ITEM",C13,"") | V14: =IF(B13="ITEM",D13,"") | W14: =IF(B13="ITEM",E13,"") | X14: =IF(B13 = "ITEM",F13,"") | Y14: =IF(B13="ITEM",G13,"") | Z14: =IF(B13="ITEM",H13,"") | AA14: =IF(B13="ITEM",I13,"") | AB14: =IF(B13="ITEM",J13,"") | AC14: =IF(B13="ITEM",K13,"")
A15: BABY CREMA PLAY TIME CAMOMILE W 100 PINK | B15: ITEM | C15: BAGS | D15: PH BALANCED | E15: 100 | F15: 81.4674 | G15: 92.903 | H15: 52.5119 | I15: 2980.7043 | J15: 3415.3554 | K15: 1823.0734 | M15: =IF(B14="ITEM",A14,"") | N15: =IF(B12="MANUFACTURER",A12,N14) -> BeneCare | O15: =IF(B13="BRAND",A13,O14) -> BAMBO (BeneCare) | P15: =IF(B14="ITEM",N15,"") | R15: =IF(B14="ITEM",O15,"") | U15: =IF(B14="ITEM",C14,"") | V15: =IF(B14="ITEM",D14,"") | W15: =IF(B14="ITEM",E14,"") | X15: =IF(B14 = "ITEM",F14,"") | Y15: =IF(B14="ITEM",G14,"") | Z15: =IF(B14="ITEM",H14,"") | AA15: =IF(B14="ITEM",I14,"") | AB15: =IF(B14="ITEM",J14,"") | AC15: =IF(B14="ITEM",K14,"")
A16: BABYCREMA PLAYTIME CAMOMILE W 100 ORANGE | B16: ITEM | C16: BAGS | D16: PH BALANCED | E16: 100 | F16: 165.228 | G16: 172.6843 | H16: 91.1357 | I16: 5930.9056 | J16: 6183.6273 | K16: 3125.7987 | M16: =IF(B15="ITEM",A15,"") -> BABY CREMA PLAY TIME CAMOMILE W 100 PINK | N16: =IF(B13="MANUFACTURER",A13,N15) -> VigaLife | O16: =IF(B14="BRAND",A14,O15) -> BABY CREMA (VigaLife) | P16: =IF(B15="ITEM",N16,"") -> VigaLife | R16: =IF(B15="ITEM",O16,"") -> BABY CREMA (VigaLife) | T16: BABY CREMA PLAY TIME CAMOMILE W 100 PINK | U16: =IF(B15="ITEM",C15,"") -> BAGS | V16: =IF(B15="ITEM",D15,"") -> PH BALANCED | W16: =IF(B15="ITEM",E15,"") -> 100 | X16: =IF(B15 = "ITEM",F15,"") -> 81.4674 | Y16: =IF(B15="ITEM",G15,"") -> 92.903 | Z16: =IF(B15="ITEM",H15,"") -> 52.5119 | AA16: =IF(B15="ITEM",I15,"") -> 2980.7043 | AB16: =IF(B15="ITEM",J15,"") -> 3415.3554 | AC16: =IF(B15="ITEM",K15,"") -> 1823.0734
A17: BABY CREMA CAMOMIL W 120 BAG KAPAK | B17: ITEM | C17: BAGS | D17: PH BALANCED | E17: 120 | F17: 842.8724 | G17: 745.3358 | H17: 366.9589 | I17: 38888.54 | J17: 31985 | K17: 14135.173 | M17: =IF(B16="ITEM",A16,"") -> BABYCREMA PLAYTIME CAMOMILE W 100 ORANGE | N17: =IF(B14="MANUFACTURER",A14,N16) -> VigaLife | O17: =IF(B15="BRAND",A15,O16) -> BABY CREMA (VigaLife) | P17: =IF(B16="ITEM",N17,"") -> VigaLife | R17: =IF(B16="ITEM",O17,"") -> BABY CREMA (VigaLife) | T17: BABYCREMA PLAYTIME CAMOMILE W 100 ORANGE | U17: =IF(B16="ITEM",C16,"") -> BAGS | V17: =IF(B16="ITEM",D16,"") -> PH BALANCED | W17: =IF(B16="ITEM",E16,"") -> 100 | X17: =IF(B16 = "ITEM",F16,"") -> 165.228 | Y17: =IF(B16="ITEM",G16,"") -> 172.6843 | Z17: =IF(B16="ITEM",H16,"") -> 91.1357 | AA17: =IF(B16="ITEM",I16,"") -> 5930.9056 | AB17: =IF(B16="ITEM",J16,"") -> 6183.6273 | AC17: =IF(B16="ITEM",K16,"") -> 3125.7987
A18: BABY CREMA ALOE 15 BAG | B18: ITEM | C18: BAGS | D18: WITHOUT EXTRA PROTECTCARE INDICATION | E18: 15 | F18: 12.7748 | G18: 10.866 | H18: 6.7743 | I18: 151.2668 | J18: 127.1868 | K18: 77.4594 | M18: =IF(B17="ITEM",A17,"") -> BABY CREMA CAMOMIL W 120 BAG KAPAK | N18: =IF(B15="MANUFACTURER",A15,N17) -> VigaLife | O18: =IF(B16="BRAND",A16,O17) -> BABY CREMA (VigaLife) | P18: =IF(B17="ITEM",N18,"") -> VigaLife | R18: =IF(B17="ITEM",O18,"") -> BABY CREMA (VigaLife) | T18: BABY CREMA CAMOMIL W 120 BAG KAPAK | U18: =IF(B17="ITEM",C17,"") -> BAGS | V18: =IF(B17="ITEM",D17,"") -> PH BALANCED | W18: =IF(B17="ITEM",E17,"") -> 120 | X18: =IF(B17 = "ITEM",F17,"") -> 842.8724 | Y18: =IF(B17="ITEM",G17,"") -> 745.3358 | Z18: =IF(B17="ITEM",H17,"") -> 366.9589 | AA18: =IF(B17="ITEM",I17,"") -> 38888.54 | AB18: =IF(B17="ITEM",J17,"") -> 31985 | AC18: =IF(B17="ITEM",K17,"") -> 14135.173
A19: BABY CREMA CAMOMIL W 15 BAG | B19: ITEM | C19: BAGS | D19: WITHOUT EXTRA PROTECTCARE INDICATION | E19: 15 | F19: 20.0553 | G19: 17.8361 | H19: 11.1871 | I19: 231.0878 | J19: 217.7118 | K19: 141.008 | M19: =IF(B18="ITEM",A18,"") -> BABY CREMA ALOE 15 BAG | N19: =IF(B16="MANUFACTURER",A16,N18) -> VigaLife | O19: =IF(B17="BRAND",A17,O18) -> BABY CREMA (VigaLife) | P19: =IF(B18="ITEM",N19,"") -> VigaLife | R19: =IF(B18="ITEM",O19,"") -> BABY CREMA (VigaLife) | T19: BABY CREMA ALOE 15 BAG | U19: =IF(B18="ITEM",C18,"") -> BAGS | V19: =IF(B18="ITEM",D18,"") -> WITHOUT EXTRA PROTECTCARE INDICATION | W19: =IF(B18="ITEM",E18,"") -> 15 | X19: =IF(B18 = "ITEM",F18,"") -> 12.7748 | Y19: =IF(B18="ITEM",G18,"") -> 10.866 | Z19: =IF(B18="ITEM",H18,"") -> 6.7743 | AA19: =IF(B18="ITEM",I18,"") -> 151.2668 | AB19: =IF(B18="ITEM",J18,"") -> 127.1868 | AC19: =IF(B18="ITEM",K18,"") -> 77.4594
A20: BABY CREMA PH5.5 W 3X15/1FR BAG &&& | B20: ITEM | C20: BAGS | D20: PH BALANCED | E20: 15 | F20: 1.2461 | G20: 7.7651 | H20: 2.2378 | I20: 20.9609 | J20: 127.6666 | K20: 33.571 | M20: =IF(B19="ITEM",A19,"") -> BABY CREMA CAMOMIL W 15 BAG | N20: =IF(B17="MANUFACTURER",A17,N19) -> VigaLife | O20: =IF(B18="BRAND",A18,O19) -> BABY CREMA (VigaLife) | P20: =IF(B19="ITEM",N20,"") -> VigaLife | R20: =IF(B19="ITEM",O20,"") -> BABY CREMA (VigaLife) | T20: BABY CREMA CAMOMIL W 15 BAG | U20: =IF(B19="ITEM",C19,"") -> BAGS | V20: =IF(B19="ITEM",D19,"") -> WITHOUT EXTRA PROTECTCARE INDICATION | W20: =IF(B19="ITEM",E19,"") -> 15 | X20: =IF(B19 = "ITEM",F19,"") -> 20.0553 | Y20: =IF(B19="ITEM",G19,"") -> 17.8361 | Z20: =IF(B19="ITEM",H19,"") -> 11.1871 | AA20: =IF(B19="ITEM",I19,"") -> 231.0878 | AB20: =IF(B19="ITEM",J19,"") -> 217.7118 | AC20: =IF(B19="ITEM",K19,"") -> 141.008
A21: BABY CREMA WATER 99% W 15 BAG | B21: ITEM | C21: BAGS | D21: ALCOHOL FREE | E21: 15 | F21: 9.6472 | G21: 10.7577 | H21: 7.0723 | I21: 112.2061 | J21: 131.0528 | K21: 85.7198 | M21: =IF(B20="ITEM",A20,"") -> BABY CREMA PH5.5 W 3X15/1FR BAG &&& | N21: =IF(B18="MANUFACTURER",A18,N20) -> VigaLife | O21: =IF(B19="BRAND",A19,O20) -> BABY CREMA (VigaLife) | P21: =IF(B20="ITEM",N21,"") -> VigaLife | R21: =IF(B20="ITEM",O21,"") -> BABY CREMA (VigaLife) | T21: BABY CREMA PH5.5 W 3X15/1FR BAG &&& | U21: =IF(B20="ITEM",C20,"") -> BAGS | V21: =IF(B20="ITEM",D20,"") -> PH BALANCED | W21: =IF(B20="ITEM",E20,"") -> 15 | X21: =IF(B20 = "ITEM",F20,"") -> 1.2461 | Y21: =IF(B20="ITEM",G20,"") -> 7.7651 | Z21: =IF(B20="ITEM",H20,"") -> 2.2378 | AA21: =IF(B20="ITEM",I20,"") -> 20.9609 | AB21: =IF(B20="ITEM",J20,"") -> 127.6666 | AC21: =IF(B20="ITEM",K20,"") -> 33.571
A22: BABY CREMA CAMOMIL W 40 BAG | B22: ITEM | C22: BAGS | D22: WITHOUT EXTRA PROTECTCARE INDICATION | E22: 40 | F22: 0.1235 | I22: 2.28 | M22: =IF(B21="ITEM",A21,"") -> BABY CREMA WATER 99% W 15 BAG | N22: =IF(B19="MANUFACTURER",A19,N21) -> VigaLife | O22: =IF(B20="BRAND",A20,O21) -> BABY CREMA (VigaLife) | P22: =IF(B21="ITEM",N22,"") -> VigaLife | R22: =IF(B21="ITEM",O22,"") -> BABY CREMA (VigaLife) | T22: BABY CREMA WATER 99% W 15 BAG | U22: =IF(B21="ITEM",C21,"") -> BAGS | V22: =IF(B21="ITEM",D21,"") -> ALCOHOL FREE | W22: =IF(B21="ITEM",E21,"") -> 15 | X22: =IF(B21 = "ITEM",F21,"") -> 9.6472 | Y22: =IF(B21="ITEM",G21,"") -> 10.7577 | Z22: =IF(B21="ITEM",H21,"") -> 7.0723 | AA22: =IF(B21="ITEM",I21,"") -> 112.2061 | AB22: =IF(B21="ITEM",J21,"") -> 131.0528 | AC22: =IF(B21="ITEM",K21,"") -> 85.7198
A23: BABY CREMA COTTON&PANTENOL W 4X56 BAG | B23: ITEM | C23: BAGS | D23: PH BALANCED | E23: 56 | H23: 7.1128 | K23: 247.099 | M23: =IF(B22="ITEM",A22,"") -> BABY CREMA CAMOMIL W 40 BAG | N23: =IF(B20="MANUFACTURER",A20,N22) -> VigaLife | O23: =IF(B21="BRAND",A21,O22) -> BABY CREMA (VigaLife) | P23: =IF(B22="ITEM",N23,"") -> VigaLife | R23: =IF(B22="ITEM",O23,"") -> BABY CREMA (VigaLife) | T23: BABY CREMA CAMOMIL W 40 BAG | U23: =IF(B22="ITEM",C22,"") -> BAGS | V23: =IF(B22="ITEM",D22,"") -> WITHOUT EXTRA PROTECTCARE INDICATION | W23: =IF(B22="ITEM",E22,"") -> 40 | X23: =IF(B22 = "ITEM",F22,"") -> 0.1235 | Y23: =IF(B22="ITEM",G22,"") -> 0 | Z23: =IF(B22="ITEM",H22,"") -> 0 | AA23: =IF(B22="ITEM",I22,"") -> 2.28 | AB23: =IF(B22="ITEM",J22,"") -> 0 | AC23: =IF(B22="ITEM",K22,"") -> 0
A24: BABY CREMA COTTON&PANTENOL W 56 BAG | B24: ITEM | C24: BAGS | D24: PH BALANCED | E24: 56 | F24: 0.1831 | G24: 0.1116 | H24: 0.387 | I24: 5.8885 | J24: 3.791 | K24: 14.3827 | M24: =IF(B23="ITEM",A23,"") -> BABY CREMA COTTON&PANTENOL W 4X56 BAG | N24: =IF(B21="MANUFACTURER",A21,N23) -> VigaLife | O24: =IF(B22="BRAND",A22,O23) -> BABY CREMA (VigaLife) | P24: =IF(B23="ITEM",N24,"") -> VigaLife | R24: =IF(B23="ITEM",O24,"") -> BABY CREMA (VigaLife) | T24: BABY CREMA COTTON&PANTENOL W 4X56 BAG | U24: =IF(B23="ITEM",C23,"") -> BAGS | V24: =IF(B23="ITEM",D23,"") -> PH BALANCED | W24: =IF(B23="ITEM",E23,"") -> 56 | X24: =IF(B23 = "ITEM",F23,"") -> 0 | Y24: =IF(B23="ITEM",G23,"") -> 0 | Z24: =IF(B23="ITEM",H23,"") -> 7.1128 | AA24: =IF(B23="ITEM",I23,"") -> 0 | AB24: =IF(B23="ITEM",J23,"") -> 0 | AC24: =IF(B23="ITEM",K23,"") -> 247.099
A25: BABY CREMA ALOE 64 BAG | B25: ITEM | C25: BAGS | D25: WITHOUT EXTRA PROTECTCARE INDICATION | E25: 64 | F25: 1.8939 | H25: 0.2252 | I25: 49.9726 | K25: 6.9501 | M25: =IF(B24="ITEM",A24,"") -> BABY CREMA COTTON&PANTENOL W 56 BAG | N25: =IF(B22="MANUFACTURER",A22,N24) -> VigaLife | O25: =IF(B23="BRAND",A23,O24) -> BABY CREMA (VigaLife) | P25: =IF(B24="ITEM",N25,"") -> VigaLife | R25: =IF(B24="ITEM",O25,"") -> BABY CREMA (VigaLife) | T25: BABY CREMA COTTON&PANTENOL W 56 BAG | U25: =IF(B24="ITEM",C24,"") -> BAGS | V25: =IF(B24="ITEM",D24,"") -> PH BALANCED | W25: =IF(B24="ITEM",E24,"") -> 56 | X25: =IF(B24 = "ITEM",F24,"") -> 0.1831 | Y25: =IF(B24="ITEM",G24,"") -> 0.1116 | Z25: =IF(B24="ITEM",H24,"") -> 0.387 | AA25: =IF(B24="ITEM",I24,"") -> 5.8885 | AB25: =IF(B24="ITEM",J24,"") -> 3.791 | AC25: =IF(B24="ITEM",K24,"") -> 14.3827
A26: BABY CREMA CAMOMIL W 64 BAG | B26: ITEM | C26: BAGS | D26: WITHOUT EXTRA PROTECTCARE INDICATION | E26: 64 | F26: 1.3515 | G26: 0.0017 | I26: 37.3226 | J26: 0.064 | M26: =IF(B25="ITEM",A25,"") -> BABY CREMA ALOE 64 BAG | N26: =IF(B23="MANUFACTURER",A23,N25) -> VigaLife | O26: =IF(B24="BRAND",A24,O25) -> BABY CREMA (VigaLife) | P26: =IF(B25="ITEM",N26,"") -> VigaLife | R26: =IF(B25="ITEM",O26,"") -> BABY CREMA (VigaLife) | T26: BABY CREMA ALOE 64 BAG | U26: =IF(B25="ITEM",C25,"") -> BAGS | V26: =IF(B25="ITEM",D25,"") -> WITHOUT EXTRA PROTECTCARE INDICATION | W26: =IF(B25="ITEM",E25,"") -> 64 | X26: =IF(B25 = "ITEM",F25,"") -> 1.8939 | Y26: =IF(B25="ITEM",G25,"") -> 0 | Z26: =IF(B25="ITEM",H25,"") -> 0.2252 | AA26: =IF(B25="ITEM",I25,"") -> 49.9726 | AB26: =IF(B25="ITEM",J25,"") -> 0 | AC26: =IF(B25="ITEM",K25,"") -> 6.9501
A27: BABY CREMA PLAY TIME CAMOMIL W 64 BAG | B27: ITEM | C27: BAGS | D27: PH BALANCED | E27: 64 | F27: 5.8978 | G27: 0.1087 | I27: 169.5808 | J27: 3.3823 | M27: =IF(B26="ITEM",A26,"") -> BABY CREMA CAMOMIL W 64 BAG | N27: =IF(B24="MANUFACTURER",A24,N26) -> VigaLife | O27: =IF(B25="BRAND",A25,O26) -> BABY CREMA (VigaLife) | P27: =IF(B26="ITEM",N27,"") -> VigaLife | R27: =IF(B26="ITEM",O27,"") -> BABY CREMA (VigaLife) | T27: BABY CREMA CAMOMIL W 64 BAG | U27: =IF(B26="ITEM",C26,"") -> BAGS | V27: =IF(B26="ITEM",D26,"") -> WITHOUT EXTRA PROTECTCARE INDICATION | W27: =IF(B26="ITEM",E26,"") -> 64 | X27: =IF(B26 = "ITEM",F26,"") -> 1.3515 | Y27: =IF(B26="ITEM",G26,"") -> 0.0017 | Z27: =IF(B26="ITEM",H26,"") -> 0 | AA27: =IF(B26="ITEM",I26,"") -> 37.3226 | AB27: =IF(B26="ITEM",J26,"") -> 0.064 | AC27: =IF(B26="ITEM",K26,"") -> 0
A28: BABYCREMA CAMOMIL W 4X64 BAG SUPERTSENA | B28: ITEM | C28: BAGS | D28: ALCOHOL FREE | E28: 64 | F28: 0.6967 | G28: 28.3929 | H28: 2.1978 | I28: 25.6063 | J28: 1226.3662 | K28: 96.4388 | M28: =IF(B27="ITEM",A27,"") -> BABY CREMA PLAY TIME CAMOMIL W 64 BAG | N28: =IF(B25="MANUFACTURER",A25,N27) -> VigaLife | O28: =IF(B26="BRAND",A26,O27) -> BABY CREMA (VigaLife) | P28: =IF(B27="ITEM",N28,"") -> VigaLife | R28: =IF(B27="ITEM",O28,"") -> BABY CREMA (VigaLife) | T28: BABY CREMA PLAY TIME CAMOMIL W 64 BAG | U28: =IF(B27="ITEM",C27,"") -> BAGS | V28: =IF(B27="ITEM",D27,"") -> PH BALANCED | W28: =IF(B27="ITEM",E27,"") -> 64 | X28: =IF(B27 = "ITEM",F27,"") -> 5.8978 | Y28: =IF(B27="ITEM",G27,"") -> 0.1087 | Z28: =IF(B27="ITEM",H27,"") -> 0 | AA28: =IF(B27="ITEM",I27,"") -> 169.5808 | AB28: =IF(B27="ITEM",J27,"") -> 3.3823 | AC28: =IF(B27="ITEM",K27,"") -> 0
A29: BABY CREMA ALOE&ALMOND OIL W 72 BAG | B29: ITEM | C29: BAGS | D29: WITHOUT EXTRA PROTECTCARE INDICATION | E29: 72 | F29: 117.6534 | G29: 68.1177 | H29: 28.3499 | I29: 3055.9406 | J29: 1781.8513 | K29: 711.0772 | M29: =IF(B28="ITEM",A28,"") -> BABYCREMA CAMOMIL W 4X64 BAG SUPERTSENA | N29: =IF(B26="MANUFACTURER",A26,N28) -> VigaLife | O29: =IF(B27="BRAND",A27,O28) -> BABY CREMA (VigaLife) | P29: =IF(B28="ITEM",N29,"") -> VigaLife | R29: =IF(B28="ITEM",O29,"") -> BABY CREMA (VigaLife) | T29: BABYCREMA CAMOMIL W 4X64 BAG SUPERTSENA | U29: =IF(B28="ITEM",C28,"") -> BAGS | V29: =IF(B28="ITEM",D28,"") -> ALCOHOL FREE | W29: =IF(B28="ITEM",E28,"") -> 64 | X29: =IF(B28 = "ITEM",F28,"") -> 0.6967 | Y29: =IF(B28="ITEM",G28,"") -> 28.3929 | Z29: =IF(B28="ITEM",H28,"") -> 2.1978 | AA29: =IF(B28="ITEM",I28,"") -> 25.6063 | AB29: =IF(B28="ITEM",J28,"") -> 1226.3662 | AC29: =IF(B28="ITEM",K28,"") -> 96.4388
A30: BABY CREMA CAMOMIL&ALMOND W 72 BAG | B30: ITEM | C30: BAGS | D30: WITHOUT EXTRA PROTECTCARE INDICATION | E30: 72 | F30: 38.6778 | G30: 31.4983 | H30: 9.7551 | I30: 954.1122 | J30: 803.2852 | K30: 236.1983 | M30: =IF(B29="ITEM",A29,"") -> BABY CREMA ALOE&ALMOND OIL W 72 BAG | N30: =IF(B27="MANUFACTURER",A27,N29) -> VigaLife | O30: =IF(B28="BRAND",A28,O29) -> BABY CREMA (VigaLife) | P30: =IF(B29="ITEM",N30,"") -> VigaLife | R30: =IF(B29="ITEM",O30,"") -> BABY CREMA (VigaLife) | T30: BABY CREMA ALOE&ALMOND OIL W 72 BAG | U30: =IF(B29="ITEM",C29,"") -> BAGS | V30: =IF(B29="ITEM",D29,"") -> WITHOUT EXTRA PROTECTCARE INDICATION | W30: =IF(B29="ITEM",E29,"") -> 72 | X30: =IF(B29 = "ITEM",F29,"") -> 117.6534 | Y30: =IF(B29="ITEM",G29,"") -> 68.1177 | Z30: =IF(B29="ITEM",H29,"") -> 28.3499 | AA30: =IF(B29="ITEM",I29,"") -> 3055.9406 | AB30: =IF(B29="ITEM",J29,"") -> 1781.8513 | AC30: =IF(B29="ITEM",K29,"") -> 711.0772
A31: BABY CREMA COTTON W 2X72BAG50%OT TS.VTOR | B31: ITEM | C31: BAGS | D31: PH BALANCED | E31: 72 | F31: 0.0612 | I31: 1.6046 | M31: =IF(B30="ITEM",A30,"") -> BABY CREMA CAMOMIL&ALMOND W 72 BAG | N31: =IF(B28="MANUFACTURER",A28,N30) -> VigaLife | O31: =IF(B29="BRAND",A29,O30) -> BABY CREMA (VigaLife) | P31: =IF(B30="ITEM",N31,"") -> VigaLife | R31: =IF(B30="ITEM",O31,"") -> BABY CREMA (VigaLife) | T31: BABY CREMA CAMOMIL&ALMOND W 72 BAG | U31: =IF(B30="ITEM",C30,"") -> BAGS | V31: =IF(B30="ITEM",D30,"") -> WITHOUT EXTRA PROTECTCARE INDICATION | W31: =IF(B30="ITEM",E30,"") -> 72 | X31: =IF(B30 = "ITEM",F30,"") -> 38.6778 | Y31: =IF(B30="ITEM",G30,"") -> 31.4983 | Z31: =IF(B30="ITEM",H30,"") -> 9.7551 | AA31: =IF(B30="ITEM",I30,"") -> 954.1122 | AB31: =IF(B30="ITEM",J30,"") -> 803.2852 | AC31: =IF(B30="ITEM",K30,"") -> 236.1983
A32: BABY CREMA COTTON&PANTENOL W 72 BAG | B32: ITEM | C32: BAGS | D32: PH BALANCED | E32: 72 | F32: 36.5218 | G32: 5.1192 | H32: 1.1213 | I32: 1199.5277 | J32: 135.3687 | K32: 30.5544 | M32: =IF(B31="ITEM",A31,"") -> BABY CREMA COTTON W 2X72BAG50%OT TS.VTOR | N32: =IF(B29="MANUFACTURER",A29,N31) -> VigaLife | O32: =IF(B30="BRAND",A30,O31) -> BABY CREMA (VigaLife) | P32: =IF(B31="ITEM",N32,"") -> VigaLife | R32: =IF(B31="ITEM",O32,"") -> BABY CREMA (VigaLife) | T32: BABY CREMA COTTON W 2X72BAG50%OT TS.VTOR | U32: =IF(B31="ITEM",C31,"") -> BAGS | V32: =IF(B31="ITEM",D31,"") -> PH BALANCED | W32: =IF(B31="ITEM",E31,"") -> 72 | X32: =IF(B31 = "ITEM",F31,"") -> 0.0612 | Y32: =IF(B31="ITEM",G31,"") -> 0 | Z32: =IF(B31="ITEM",H31,"") -> 0 | AA32: =IF(B31="ITEM",I31,"") -> 1.6046 | AB32: =IF(B31="ITEM",J31,"") -> 0 | AC32: =IF(B31="ITEM",K31,"") -> 0
A33: BABY CREMA NEVEN PH5.5 W 72 BAG | B33: ITEM | C33: BAGS | D33: PH BALANCED | E33: 72 | F33: 21.9583 | G33: 39.4671 | H33: 10.7844 | I33: 726.314 | J33: 1508.4714 | K33: 314.5264 | M33: =IF(B32="ITEM",A32,"") -> BABY CREMA COTTON&PANTENOL W 72 BAG | N33: =IF(B30="MANUFACTURER",A30,N32) -> VigaLife | O33: =IF(B31="BRAND",A31,O32) -> BABY CREMA (VigaLife) | P33: =IF(B32="ITEM",N33,"") -> VigaLife | R33: =IF(B32="ITEM",O33,"") -> BABY CREMA (VigaLife) | T33: BABY CREMA COTTON&PANTENOL W 72 BAG | U33: =IF(B32="ITEM",C32,"") -> BAGS | V33: =IF(B32="ITEM",D32,"") -> PH BALANCED | W33: =IF(B32="ITEM",E32,"") -> 72 | X33: =IF(B32 = "ITEM",F32,"") -> 36.5218 | Y33: =IF(B32="ITEM",G32,"") -> 5.1192 | Z33: =IF(B32="ITEM",H32,"") -> 1.1213 | AA33: =IF(B32="ITEM",I32,"") -> 1199.5277 | AB33: =IF(B32="ITEM",J32,"") -> 135.3687 | AC33: =IF(B32="ITEM",K32,"") -> 30.5544
A34: BABY CREMA SMRADLIKA PH5.5 W 72 BAG | B34: ITEM | C34: BAGS | D34: PH BALANCED | E34: 72 | F34: 27.9836 | G34: 162.4105 | H34: 103.168 | I34: 928.8153 | J34: 5484.9445 | K34: 3446.0195 | M34: =IF(B33="ITEM",A33,"") -> BABY CREMA NEVEN PH5.5 W 72 BAG | N34: =IF(B31="MANUFACTURER",A31,N33) -> VigaLife | O34: =IF(B32="BRAND",A32,O33) -> BABY CREMA (VigaLife) | P34: =IF(B33="ITEM",N34,"") -> VigaLife | R34: =IF(B33="ITEM",O34,"") -> BABY CREMA (VigaLife) | T34: BABY CREMA NEVEN PH5.5 W 72 BAG | U34: =IF(B33="ITEM",C33,"") -> BAGS | V34: =IF(B33="ITEM",D33,"") -> PH BALANCED | W34: =IF(B33="ITEM",E33,"") -> 72 | X34: =IF(B33 = "ITEM",F33,"") -> 21.9583 | Y34: =IF(B33="ITEM",G33,"") -> 39.4671 | Z34: =IF(B33="ITEM",H33,"") -> 10.7844 | AA34: =IF(B33="ITEM",I33,"") -> 726.314 | AB34: =IF(B33="ITEM",J33,"") -> 1508.4714 | AC34: =IF(B33="ITEM",K33,"") -> 314.5264
A35: BABY CREMA WATER 99% W 72 BAG | B35: ITEM | C35: BAGS | D35: WITHOUT EXTRA PROTECTCARE INDICATION | E35: 72 | F35: 221.1702 | G35: 159.9896 | H35: 77.8656 | I35: 6715.8593 | J35: 4333.2688 | K35: 2035.5381 | M35: =IF(B34="ITEM",A34,"") -> BABY CREMA SMRADLIKA PH5.5 W 72 BAG | N35: =IF(B32="MANUFACTURER",A32,N34) -> VigaLife | O35: =IF(B33="BRAND",A33,O34) -> BABY CREMA (VigaLife) | P35: =IF(B34="ITEM",N35,"") -> VigaLife | R35: =IF(B34="ITEM",O35,"") -> BABY CREMA (VigaLife) | T35: BABY CREMA SMRADLIKA PH5.5 W 72 BAG | U35: =IF(B34="ITEM",C34,"") -> BAGS | V35: =IF(B34="ITEM",D34,"") -> PH BALANCED | W35: =IF(B34="ITEM",E34,"") -> 72 | X35: =IF(B34 = "ITEM",F34,"") -> 27.9836 | Y35: =IF(B34="ITEM",G34,"") -> 162.4105 | Z35: =IF(B34="ITEM",H34,"") -> 103.168 | AA35: =IF(B34="ITEM",I34,"") -> 928.8153 | AB35: =IF(B34="ITEM",J34,"") -> 5484.9445 | AC35: =IF(B34="ITEM",K34,"") -> 3446.0195
A36: BABYCREMA CAMOMILE W 2X72BAG50%OTTS.VTOR | B36: ITEM | C36: BAGS | D36: PH BALANCED | E36: 72 | F36: 6.4487 | G36: 1.6864 | I36: 194.6519 | J36: 50.7003 | M36: =IF(B35="ITEM",A35,"") -> BABY CREMA WATER 99% W 72 BAG | N36: =IF(B33="MANUFACTURER",A33,N35) -> VigaLife | O36: =IF(B34="BRAND",A34,O35) -> BABY CREMA (VigaLife) | P36: =IF(B35="ITEM",N36,"") -> VigaLife | R36: =IF(B35="ITEM",O36,"") -> BABY CREMA (VigaLife) | T36: BABY CREMA WATER 99% W 72 BAG | U36: =IF(B35="ITEM",C35,"") -> BAGS | V36: =IF(B35="ITEM",D35,"") -> WITHOUT EXTRA PROTECTCARE INDICATION | W36: =IF(B35="ITEM",E35,"") -> 72 | X36: =IF(B35 = "ITEM",F35,"") -> 221.1702 | Y36: =IF(B35="ITEM",G35,"") -> 159.9896 | Z36: =IF(B35="ITEM",H35,"") -> 77.8656 | AA36: =IF(B35="ITEM",I35,"") -> 6715.8593 | AB36: =IF(B35="ITEM",J35,"") -> 4333.2688 | AC36: =IF(B35="ITEM",K35,"") -> 2035.5381
A37: BABYCREMA COTTON&PANTENOL W 3X72/1FR BAG | B37: ITEM | C37: BAGS | D37: PH BALANCED | E37: 72 | M37: =IF(B36="ITEM",A36,"") -> BABYCREMA CAMOMILE W 2X72BAG50%OTTS.VTOR | N37: =IF(B34="MANUFACTURER",A34,N36) -> VigaLife | O37: =IF(B35="BRAND",A35,O36) -> BABY CREMA (VigaLife) | P37: =IF(B36="ITEM",N37,"") -> VigaLife | R37: =IF(B36="ITEM",O37,"") -> BABY CREMA (VigaLife) | T37: BABYCREMA CAMOMILE W 2X72BAG50%OTTS.VTOR | U37: =IF(B36="ITEM",C36,"") -> BAGS | V37: =IF(B36="ITEM",D36,"") -> PH BALANCED | W37: =IF(B36="ITEM",E36,"") -> 72 | X37: =IF(B36 = "ITEM",F36,"") -> 6.4487 | Y37: =IF(B36="ITEM",G36,"") -> 1.6864 | Z37: =IF(B36="ITEM",H36,"") -> 0 | AA37: =IF(B36="ITEM",I36,"") -> 194.6519 | AB37: =IF(B36="ITEM",J36,"") -> 50.7003 | AC37: =IF(B36="ITEM",K36,"") -> 0
A38: BABYCREMA PLAYTIME CAMOMIL W 72 BAG KAPA | B38: ITEM | C38: BAGS | D38: PH BALANCED | E38: 72 | F38: 1663.8369 | G38: 1815.6597 | H38: 1049.2486 | I38: 62012.673 | J38: 68679.966 | K38: 37856.882 | M38: =IF(B37="ITEM",A37,"") -> BABYCREMA COTTON&PANTENOL W 3X72/1FR BAG | N38: =IF(B35="MANUFACTURER",A35,N37) -> VigaLife | O38: =IF(B36="BRAND",A36,O37) -> BABY CREMA (VigaLife) | P38: =IF(B37="ITEM",N38,"") -> VigaLife | R38: =IF(B37="ITEM",O38,"") -> BABY CREMA (VigaLife) | T38: BABYCREMA COTTON&PANTENOL W 3X72/1FR BAG | U38: =IF(B37="ITEM",C37,"") -> BAGS | V38: =IF(B37="ITEM",D37,"") -> PH BALANCED | W38: =IF(B37="ITEM",E37,"") -> 72 | X38: =IF(B37 = "ITEM",F37,"") -> 0 | Y38: =IF(B37="ITEM",G37,"") -> 0 | Z38: =IF(B37="ITEM",H37,"") -> 0 | AA38: =IF(B37="ITEM",I37,"") -> 0 | AB38: =IF(B37="ITEM",J37,"") -> 0 | AC38: =IF(B37="ITEM",K37,"") -> 0
A39: BABY CREMA ALOE W 80 BAG | B39: ITEM | C39: BAGS | D39: WITHOUT EXTRA PROTECTCARE INDICATION | E39: 80 | F39: 1.7698 | G39: 0.3617 | H39: 0.2081 | I39: 50.2205 | J39: 12.0681 | K39: 5.4643 | M39: =IF(B38="ITEM",A38,"") -> BABYCREMA PLAYTIME CAMOMIL W 72 BAG KAPA | N39: =IF(B36="MANUFACTURER",A36,N38) -> VigaLife | O39: =IF(B37="BRAND",A37,O38) -> BABY CREMA (VigaLife) | P39: =IF(B38="ITEM",N39,"") -> VigaLife | R39: =IF(B38="ITEM",O39,"") -> BABY CREMA (VigaLife) | T39: BABYCREMA PLAYTIME CAMOMIL W 72 BAG KAPA | U39: =IF(B38="ITEM",C38,"") -> BAGS | V39: =IF(B38="ITEM",D38,"") -> PH BALANCED | W39: =IF(B38="ITEM",E38,"") -> 72 | X39: =IF(B38 = "ITEM",F38,"") -> 1663.8369 | Y39: =IF(B38="ITEM",G38,"") -> 1815.6597 | Z39: =IF(B38="ITEM",H38,"") -> 1049.2486 | AA39: =IF(B38="ITEM",I38,"") -> 62012.673 | AB39: =IF(B38="ITEM",J38,"") -> 68679.966 | AC39: =IF(B38="ITEM",K38,"") -> 37856.882
A40: BABY CREMA CAMOMIL W 80 BAG | B40: ITEM | C40: BAGS | D40: WITHOUT EXTRA PROTECTCARE INDICATION | E40: 80 | F40: 61.9819 | G40: 56.9702 | H40: 23.8948 | I40: 1524.2099 | J40: 1404.4859 | K40: 554.6842 | M40: =IF(B39="ITEM",A39,"") -> BABY CREMA ALOE W 80 BAG | N40: =IF(B37="MANUFACTURER",A37,N39) -> VigaLife | O40: =IF(B38="BRAND",A38,O39) -> BABY CREMA (VigaLife) | P40: =IF(B39="ITEM",N40,"") -> VigaLife | R40: =IF(B39="ITEM",O40,"") -> BABY CREMA (VigaLife) | T40: BABY CREMA ALOE W 80 BAG | U40: =IF(B39="ITEM",C39,"") -> BAGS | V40: =IF(B39="ITEM",D39,"") -> WITHOUT EXTRA PROTECTCARE INDICATION | W40: =IF(B39="ITEM",E39,"") -> 80 | X40: =IF(B39 = "ITEM",F39,"") -> 1.7698 | Y40: =IF(B39="ITEM",G39,"") -> 0.3617 | Z40: =IF(B39="ITEM",H39,"") -> 0.2081 | AA40: =IF(B39="ITEM",I39,"") -> 50.2205 | AB40: =IF(B39="ITEM",J39,"") -> 12.0681 | AC40: =IF(B39="ITEM",K39,"") -> 5.4643
A41: Intelligent Initiative | B41: MANUFACTURER | F41: 511.7809 | G41: 507.3048 | H41: 295.7138 | I41: 23199.702 | J41: 21680.539 | K41: 11434.484 | M41: =IF(B40="ITEM",A40,"") -> BABY CREMA CAMOMIL W 80 BAG | N41: =IF(B38="MANUFACTURER",A38,N40) -> VigaLife | O41: =IF(B39="BRAND",A39,O40) -> BABY CREMA (VigaLife) | P41: =IF(B40="ITEM",N41,"") -> VigaLife | R41: =IF(B40="ITEM",O41,"") -> BABY CREMA (VigaLife) | T41: BABY CREMA CAMOMIL W 80 BAG | U41: =IF(B40="ITEM",C40,"") -> BAGS | V41: =IF(B40="ITEM",D40,"") -> WITHOUT EXTRA PROTECTCARE INDICATION | W41: =IF(B40="ITEM",E40,"") -> 80 | X41: =IF(B40 = "ITEM",F40,"") -> 61.9819 | Y41: =IF(B40="ITEM",G40,"") -> 56.9702 | Z41: =IF(B40="ITEM",H40,"") -> 23.8948 | AA41: =IF(B40="ITEM",I40,"") -> 1524.2099 | AB41: =IF(B40="ITEM",J40,"") -> 1404.4859 | AC41: =IF(B40="ITEM",K40,"") -> 554.6842
A42: LINDY (Intelligent Initiative) | B42: BRAND | F42: 511.7809 | G42: 507.3048 | H42: 295.7138 | I42: 23199.702 | J42: 21680.539 | K42: 11434.484 | M42: =IF(B41="ITEM",A41,"") | N42: =IF(B39="MANUFACTURER",A39,N41) -> VigaLife | O42: =IF(B40="BRAND",A40,O41) -> BABY CREMA (VigaLife) | P42: =IF(B41="ITEM",N42,"") | R42: =IF(B41="ITEM",O42,"") | U42: =IF(B41="ITEM",C41,"") | V42: =IF(B41="ITEM",D41,"") | W42: =IF(B41="ITEM",E41,"") | X42: =IF(B41 = "ITEM",F41,"") | Y42: =IF(B41="ITEM",G41,"") | Z42: =IF(B41="ITEM",H41,"") | AA42: =IF(B41="ITEM",I41,"") | AB42: =IF(B41="ITEM",J41,"") | AC42: =IF(B41="ITEM",K41,"")
A43: LINDY VITAMIN E PH5.5 W 120 BAG | B43: ITEM | C43: BAGS | D43: PH BALANCED | E43: 120 | F43: 78.228 | G43: 99.0305 | H43: 56.6741 | I43: 4816.5708 | J43: 5822.6244 | K43: 2923.4183 | M43: =IF(B42="ITEM",A42,"") | N43: =IF(B40="MANUFACTURER",A40,N42) -> VigaLife | O43: =IF(B41="BRAND",A41,O42) -> BABY CREMA (VigaLife) | P43: =IF(B42="ITEM",N43,"") | R43: =IF(B42="ITEM",O43,"") | U43: =IF(B42="ITEM",C42,"") | V43: =IF(B42="ITEM",D42,"") | W43: =IF(B42="ITEM",E42,"") | X43: =IF(B42 = "ITEM",F42,"") | Y43: =IF(B42="ITEM",G42,"") | Z43: =IF(B42="ITEM",H42,"") | AA43: =IF(B42="ITEM",I42,"") | AB43: =IF(B42="ITEM",J42,"") | AC43: =IF(B42="ITEM",K42,"")
A44: LINDY ALOE VERA&VIT E W 64 BAG | B44: ITEM | C44: BAGS | D44: WITHOUT EXTRA PROTECTCARE INDICATION | E44: 64 | F44: 11.11 | G44: 8.9544 | H44: 2.2329 | I44: 523.1682 | J44: 387.3223 | K44: 84.4284 | M44: =IF(B43="ITEM",A43,"") -> LINDY VITAMIN E PH5.5 W 120 BAG | N44: =IF(B41="MANUFACTURER",A41,N43) -> Intelligent Initiative | O44: =IF(B42="BRAND",A42,O43) -> LINDY (Intelligent Initiative) | P44: =IF(B43="ITEM",N44,"") -> Intelligent Initiative | R44: =IF(B43="ITEM",O44,"") -> LINDY (Intelligent Initiative) | T44: LINDY VITAMIN E PH5.5 W 120 BAG | U44: =IF(B43="ITEM",C43,"") -> BAGS | V44: =IF(B43="ITEM",D43,"") -> PH BALANCED | W44: =IF(B43="ITEM",E43,"") -> 120 | X44: =IF(B43 = "ITEM",F43,"") -> 78.228 | Y44: =IF(B43="ITEM",G43,"") -> 99.0305 | Z44: =IF(B43="ITEM",H43,"") -> 56.6741 | AA44: =IF(B43="ITEM",I43,"") -> 4816.5708 | AB44: =IF(B43="ITEM",J43,"") -> 5822.6244 | AC44: =IF(B43="ITEM",K43,"") -> 2923.4183
A45: LINDY ALOE VERA&VIT E W 64 BAG KAPAK | B45: ITEM | C45: BAGS | D45: WITHOUT EXTRA PROTECTCARE INDICATION | E45: 64 | F45: 79.953 | G45: 73.7571 | H45: 40.3623 | I45: 3388.3482 | J45: 2840.8843 | K45: 1387.0689 | M45: =IF(B44="ITEM",A44,"") -> LINDY ALOE VERA&VIT E W 64 BAG | N45: =IF(B42="MANUFACTURER",A42,N44) -> Intelligent Initiative | O45: =IF(B43="BRAND",A43,O44) -> LINDY (Intelligent Initiative) | P45: =IF(B44="ITEM",N45,"") -> Intelligent Initiative | R45: =IF(B44="ITEM",O45,"") -> LINDY (Intelligent Initiative) | T45: LINDY ALOE VERA&VIT E W 64 BAG | U45: =IF(B44="ITEM",C44,"") -> BAGS | V45: =IF(B44="ITEM",D44,"") -> WITHOUT EXTRA PROTECTCARE INDICATION | W45: =IF(B44="ITEM",E44,"") -> 64 | X45: =IF(B44 = "ITEM",F44,"") -> 11.11 | Y45: =IF(B44="ITEM",G44,"") -> 8.9544 | Z45: =IF(B44="ITEM",H44,"") -> 2.2329 | AA45: =IF(B44="ITEM",I44,"") -> 523.1682 | AB45: =IF(B44="ITEM",J44,"") -> 387.3223 | AC45: =IF(B44="ITEM",K44,"") -> 84.4284
A46: LINDY CAMOMILE W 64 BAG | B46: ITEM | C46: BAGS | D46: WITHOUT EXTRA PROTECTCARE INDICATION | E46: 64 | F46: 12.195 | G46: 8.5598 | H46: 1.6517 | I46: 553.0388 | J46: 369.8305 | K46: 64.1001 | M46: =IF(B45="ITEM",A45,"") -> LINDY ALOE VERA&VIT E W 64 BAG KAPAK | N46: =IF(B43="MANUFACTURER",A43,N45) -> Intelligent Initiative | O46: =IF(B44="BRAND",A44,O45) -> LINDY (Intelligent Initiative) | P46: =IF(B45="ITEM",N46,"") -> Intelligent Initiative | R46: =IF(B45="ITEM",O46,"") -> LINDY (Intelligent Initiative) | T46: LINDY ALOE VERA&VIT E W 64 BAG KAPAK | U46: =IF(B45="ITEM",C45,"") -> BAGS | V46: =IF(B45="ITEM",D45,"") -> WITHOUT EXTRA PROTECTCARE INDICATION | W46: =IF(B45="ITEM",E45,"") -> 64 | X46: =IF(B45 = "ITEM",F45,"") -> 79.953 | Y46: =IF(B45="ITEM",G45,"") -> 73.7571 | Z46: =IF(B45="ITEM",H45,"") -> 40.3623 | AA46: =IF(B45="ITEM",I45,"") -> 3388.3482 | AB46: =IF(B45="ITEM",J45,"") -> 2840.8843 | AC46: =IF(B45="ITEM",K45,"") -> 1387.0689
A47: LINDY CAMOMILE W 64 BAG KAPAK | B47: ITEM | C47: BAGS | D47: WITHOUT EXTRA PROTECTCARE INDICATION | E47: 64 | F47: 60.5108 | G47: 52.406 | H47: 30.1228 | I47: 2540.1292 | J47: 2011.4869 | K47: 1066.0352 | M47: =IF(B46="ITEM",A46,"") -> LINDY CAMOMILE W 64 BAG | N47: =IF(B44="MANUFACTURER",A44,N46) -> Intelligent Initiative | O47: =IF(B45="BRAND",A45,O46) -> LINDY (Intelligent Initiative) | P47: =IF(B46="ITEM",N47,"") -> Intelligent Initiative | R47: =IF(B46="ITEM",O47,"") -> LINDY (Intelligent Initiative) | T47: LINDY CAMOMILE W 64 BAG | U47: =IF(B46="ITEM",C46,"") -> BAGS | V47: =IF(B46="ITEM",D46,"") -> WITHOUT EXTRA PROTECTCARE INDICATION | W47: =IF(B46="ITEM",E46,"") -> 64 | X47: =IF(B46 = "ITEM",F46,"") -> 12.195 | Y47: =IF(B46="ITEM",G46,"") -> 8.5598 | Z47: =IF(B46="ITEM",H46,"") -> 1.6517 | AA47: =IF(B46="ITEM",I46,"") -> 553.0388 | AB47: =IF(B46="ITEM",J46,"") -> 369.8305 | AC47: =IF(B46="ITEM",K46,"") -> 64.1001
A48: LINDY CREAM W 64 BAG KAPAK | B48: ITEM | C48: BAGS | D48: WITHOUT EXTRA PROTECTCARE INDICATION | E48: 64 | F48: 47.8005 | G48: 51.1991 | H48: 29.6906 | I48: 1970.2178 | J48: 1924.2328 | K48: 1027.8572 | M48: =IF(B47="ITEM",A47,"") -> LINDY CAMOMILE W 64 BAG KAPAK | N48: =IF(B45="MANUFACTURER",A45,N47) -> Intelligent Initiative | O48: =IF(B46="BRAND",A46,O47) -> LINDY (Intelligent Initiative) | P48: =IF(B47="ITEM",N48,"") -> Intelligent Initiative | R48: =IF(B47="ITEM",O48,"") -> LINDY (Intelligent Initiative) | T48: LINDY CAMOMILE W 64 BAG KAPAK | U48: =IF(B47="ITEM",C47,"") -> BAGS | V48: =IF(B47="ITEM",D47,"") -> WITHOUT EXTRA PROTECTCARE INDICATION | W48: =IF(B47="ITEM",E47,"") -> 64 | X48: =IF(B47 = "ITEM",F47,"") -> 60.5108 | Y48: =IF(B47="ITEM",G47,"") -> 52.406 | Z48: =IF(B47="ITEM",H47,"") -> 30.1228 | AA48: =IF(B47="ITEM",I47,"") -> 2540.1292 | AB48: =IF(B47="ITEM",J47,"") -> 2011.4869 | AC48: =IF(B47="ITEM",K47,"") -> 1066.0352
A49: LINDY CREAM&VIT.E PH5.5 W 64 BAG | B49: ITEM | C49: BAGS | D49: PH BALANCED | E49: 64 | G49: 3.2536 | H49: 4.3144 | J49: 139.3498 | K49: 169.8469 | M49: =IF(B48="ITEM",A48,"") -> LINDY CREAM W 64 BAG KAPAK | N49: =IF(B46="MANUFACTURER",A46,N48) -> Intelligent Initiative | O49: =IF(B47="BRAND",A47,O48) -> LINDY (Intelligent Initiative) | P49: =IF(B48="ITEM",N49,"") -> Intelligent Initiative | R49: =IF(B48="ITEM",O49,"") -> LINDY (Intelligent Initiative) | T49: LINDY CREAM W 64 BAG KAPAK | U49: =IF(B48="ITEM",C48,"") -> BAGS | V49: =IF(B48="ITEM",D48,"") -> WITHOUT EXTRA PROTECTCARE INDICATION | W49: =IF(B48="ITEM",E48,"") -> 64 | X49: =IF(B48 = "ITEM",F48,"") -> 47.8005 | Y49: =IF(B48="ITEM",G48,"") -> 51.1991 | Z49: =IF(B48="ITEM",H48,"") -> 29.6906 | AA49: =IF(B48="ITEM",I48,"") -> 1970.2178 | AB49: =IF(B48="ITEM",J48,"") -> 1924.2328 | AC49: =IF(B48="ITEM",K48,"") -> 1027.8572
A50: LINDY OLIVE OIL EXTR. PH5.5 W 64 BAG | B50: ITEM | C50: BAGS | D50: PH BALANCED | E50: 64 | F50: 5.5922 | G50: 5.3672 | H50: 2.5727 | I50: 261.0479 | J50: 232.436 | K50: 93.9955 | M50: =IF(B49="ITEM",A49,"") -> LINDY CREAM&VIT.E PH5.5 W 64 BAG | N50: =IF(B47="MANUFACTURER",A47,N49) -> Intelligent Initiative | O50: =IF(B48="BRAND",A48,O49) -> LINDY (Intelligent Initiative) | P50: =IF(B49="ITEM",N50,"") -> Intelligent Initiative | R50: =IF(B49="ITEM",O50,"") -> LINDY (Intelligent Initiative) | T50: LINDY CREAM&VIT.E PH5.5 W 64 BAG | U50: =IF(B49="ITEM",C49,"") -> BAGS | V50: =IF(B49="ITEM",D49,"") -> PH BALANCED | W50: =IF(B49="ITEM",E49,"") -> 64 | X50: =IF(B49 = "ITEM",F49,"") -> 0 | Y50: =IF(B49="ITEM",G49,"") -> 3.2536 | Z50: =IF(B49="ITEM",H49,"") -> 4.3144 | AA50: =IF(B49="ITEM",I49,"") -> 0 | AB50: =IF(B49="ITEM",J49,"") -> 139.3498 | AC50: =IF(B49="ITEM",K49,"") -> 169.8469
A51: LINDY OLIVE OIL EXTR. W 64 BAG KAPAK | B51: ITEM | C51: BAGS | D51: PH BALANCED | E51: 64 | F51: 53.4907 | G51: 44.7837 | H51: 26.4409 | I51: 2262.5698 | J51: 1667.4681 | K51: 920.8814 | M51: =IF(B50="ITEM",A50,"") -> LINDY OLIVE OIL EXTR. PH5.5 W 64 BAG | N51: =IF(B48="MANUFACTURER",A48,N50) -> Intelligent Initiative | O51: =IF(B49="BRAND",A49,O50) -> LINDY (Intelligent Initiative) | P51: =IF(B50="ITEM",N51,"") -> Intelligent Initiative | R51: =IF(B50="ITEM",O51,"") -> LINDY (Intelligent Initiative) | T51: LINDY OLIVE OIL EXTR. PH5.5 W 64 BAG | U51: =IF(B50="ITEM",C50,"") -> BAGS | V51: =IF(B50="ITEM",D50,"") -> PH BALANCED | W51: =IF(B50="ITEM",E50,"") -> 64 | X51: =IF(B50 = "ITEM",F50,"") -> 5.5922 | Y51: =IF(B50="ITEM",G50,"") -> 5.3672 | Z51: =IF(B50="ITEM",H50,"") -> 2.5727 | AA51: =IF(B50="ITEM",I50,"") -> 261.0479 | AB51: =IF(B50="ITEM",J50,"") -> 232.436 | AC51: =IF(B50="ITEM",K50,"") -> 93.9955
A52: LINDY SENSITIVE COTTON PH5.5 W 64 BAG | B52: ITEM | C52: BAGS | D52: SENSITIVE | E52: 64 | F52: 8.271 | G52: 9.931 | H52: 1.1805 | I52: 392.0086 | J52: 426.1969 | K52: 46.2808 | M52: =IF(B51="ITEM",A51,"") -> LINDY OLIVE OIL EXTR. W 64 BAG KAPAK | N52: =IF(B49="MANUFACTURER",A49,N51) -> Intelligent Initiative | O52: =IF(B50="BRAND",A50,O51) -> LINDY (Intelligent Initiative) | P52: =IF(B51="ITEM",N52,"") -> Intelligent Initiative | R52: =IF(B51="ITEM",O52,"") -> LINDY (Intelligent Initiative) | T52: LINDY OLIVE OIL EXTR. W 64 BAG KAPAK | U52: =IF(B51="ITEM",C51,"") -> BAGS | V52: =IF(B51="ITEM",D51,"") -> PH BALANCED | W52: =IF(B51="ITEM",E51,"") -> 64 | X52: =IF(B51 = "ITEM",F51,"") -> 53.4907 | Y52: =IF(B51="ITEM",G51,"") -> 44.7837 | Z52: =IF(B51="ITEM",H51,"") -> 26.4409 | AA52: =IF(B51="ITEM",I51,"") -> 2262.5698 | AB52: =IF(B51="ITEM",J51,"") -> 1667.4681 | AC52: =IF(B51="ITEM",K51,"") -> 920.8814
A53: LINDY SENSITIVE W 64 BAG KAPAK | B53: ITEM | C53: BAGS | D53: SENSITIVE | E53: 64 | F53: 70.5623 | G53: 56.7856 | H53: 30.7966 | I53: 2842.322 | J53: 2121.0371 | K53: 1067.8224 | M53: =IF(B52="ITEM",A52,"") -> LINDY SENSITIVE COTTON PH5.5 W 64 BAG | N53: =IF(B50="MANUFACTURER",A50,N52) -> Intelligent Initiative | O53: =IF(B51="BRAND",A51,O52) -> LINDY (Intelligent Initiative) | P53: =IF(B52="ITEM",N53,"") -> Intelligent Initiative | R53: =IF(B52="ITEM",O53,"") -> LINDY (Intelligent Initiative) | T53: LINDY SENSITIVE COTTON PH5.5 W 64 BAG | U53: =IF(B52="ITEM",C52,"") -> BAGS | V53: =IF(B52="ITEM",D52,"") -> SENSITIVE | W53: =IF(B52="ITEM",E52,"") -> 64 | X53: =IF(B52 = "ITEM",F52,"") -> 8.271 | Y53: =IF(B52="ITEM",G52,"") -> 9.931 | Z53: =IF(B52="ITEM",H52,"") -> 1.1805 | AA53: =IF(B52="ITEM",I52,"") -> 392.0086 | AB53: =IF(B52="ITEM",J52,"") -> 426.1969 | AC53: =IF(B52="ITEM",K52,"") -> 46.2808
A54: LINDY WHITE TEA&VIT E W 64 BAG | B54: ITEM | C54: BAGS | D54: PH BALANCED | E54: 64 | F54: 34.4959 | G54: 35.3334 | H54: 28.0782 | I54: 1446.3839 | J54: 1359.9783 | K54: 967.9162 | M54: =IF(B53="ITEM",A53,"") -> LINDY SENSITIVE W 64 BAG KAPAK | N54: =IF(B51="MANUFACTURER",A51,N53) -> Intelligent Initiative | O54: =IF(B52="BRAND",A52,O53) -> LINDY (Intelligent Initiative) | P54: =IF(B53="ITEM",N54,"") -> Intelligent Initiative | R54: =IF(B53="ITEM",O54,"") -> LINDY (Intelligent Initiative) | T54: LINDY SENSITIVE W 64 BAG KAPAK | U54: =IF(B53="ITEM",C53,"") -> BAGS | V54: =IF(B53="ITEM",D53,"") -> SENSITIVE | W54: =IF(B53="ITEM",E53,"") -> 64 | X54: =IF(B53 = "ITEM",F53,"") -> 70.5623 | Y54: =IF(B53="ITEM",G53,"") -> 56.7856 | Z54: =IF(B53="ITEM",H53,"") -> 30.7966 | AA54: =IF(B53="ITEM",I53,"") -> 2842.322 | AB54: =IF(B53="ITEM",J53,"") -> 2121.0371 | AC54: =IF(B53="ITEM",K53,"") -> 1067.8224
A55: LINDY PREMIUM LAVENDER W 90 BAG KAPAK | B55: ITEM | C55: BAGS | D55: ALCOHOL FREE | E55: 90 | F55: 49.5715 | G55: 57.9432 | H55: 41.5958 | I55: 2203.897 | J55: 2377.6915 | K55: 1614.8327 | M55: =IF(B54="ITEM",A54,"") -> LINDY WHITE TEA&VIT E W 64 BAG | N55: =IF(B52="MANUFACTURER",A52,N54) -> Intelligent Initiative | O55: =IF(B53="BRAND",A53,O54) -> LINDY (Intelligent Initiative) | P55: =IF(B54="ITEM",N55,"") -> Intelligent Initiative | R55: =IF(B54="ITEM",O55,"") -> LINDY (Intelligent Initiative) | T55: LINDY WHITE TEA&VIT E W 64 BAG | U55: =IF(B54="ITEM",C54,"") -> BAGS | V55: =IF(B54="ITEM",D54,"") -> PH BALANCED | W55: =IF(B54="ITEM",E54,"") -> 64 | X55: =IF(B54 = "ITEM",F54,"") -> 34.4959 | Y55: =IF(B54="ITEM",G54,"") -> 35.3334 | Z55: =IF(B54="ITEM",H54,"") -> 28.0782 | AA55: =IF(B54="ITEM",I54,"") -> 1446.3839 | AB55: =IF(B54="ITEM",J54,"") -> 1359.9783 | AC55: =IF(B54="ITEM",K54,"") -> 967.9162
A56: BroadLeaf Group | B56: MANUFACTURER | G56: 4.4635 | H56: 5.901 | J56: 231.3342 | K56: 348.1982 | M56: =IF(B55="ITEM",A55,"") -> LINDY PREMIUM LAVENDER W 90 BAG KAPAK | N56: =IF(B53="MANUFACTURER",A53,N55) -> Intelligent Initiative | O56: =IF(B54="BRAND",A54,O55) -> LINDY (Intelligent Initiative) | P56: =IF(B55="ITEM",N56,"") -> Intelligent Initiative | R56: =IF(B55="ITEM",O56,"") -> LINDY (Intelligent Initiative) | T56: LINDY PREMIUM LAVENDER W 90 BAG KAPAK | U56: =IF(B55="ITEM",C55,"") -> BAGS | V56: =IF(B55="ITEM",D55,"") -> ALCOHOL FREE | W56: =IF(B55="ITEM",E55,"") -> 90 | X56: =IF(B55 = "ITEM",F55,"") -> 49.5715 | Y56: =IF(B55="ITEM",G55,"") -> 57.9432 | Z56: =IF(B55="ITEM",H55,"") -> 41.5958 | AA56: =IF(B55="ITEM",I55,"") -> 2203.897 | AB56: =IF(B55="ITEM",J55,"") -> 2377.6915 | AC56: =IF(B55="ITEM",K55,"") -> 1614.8327
A57: LUBA (BroadLeaf Group) | B57: BRAND | G57: 4.4635 | H57: 5.901 | J57: 231.3342 | K57: 348.1982 | M57: =IF(B56="ITEM",A56,"") | N57: =IF(B54="MANUFACTURER",A54,N56) -> Intelligent Initiative | O57: =IF(B55="BRAND",A55,O56) -> LINDY (Intelligent Initiative) | P57: =IF(B56="ITEM",N57,"") | R57: =IF(B56="ITEM",O57,"") | U57: =IF(B56="ITEM",C56,"") | V57: =IF(B56="ITEM",D56,"") | W57: =IF(B56="ITEM",E56,"") | X57: =IF(B56 = "ITEM",F56,"") | Y57: =IF(B56="ITEM",G56,"") | Z57: =IF(B56="ITEM",H56,"") | AA57: =IF(B56="ITEM",I56,"") | AB57: =IF(B56="ITEM",J56,"") | AC57: =IF(B56="ITEM",K56,"")
A58: LUBA BABY B5&VIT E PH5.5W 120 BAG | B58: ITEM | C58: BAGS | D58: PH BALANCED | E58: 120 | H58: 5.7117 | K58: 338.463 | M58: =IF(B57="ITEM",A57,"") | N58: =IF(B55="MANUFACTURER",A55,N57) -> Intelligent Initiative | O58: =IF(B56="BRAND",A56,O57) -> LINDY (Intelligent Initiative) | P58: =IF(B57="ITEM",N58,"") | R58: =IF(B57="ITEM",O58,"") | U58: =IF(B57="ITEM",C57,"") | V58: =IF(B57="ITEM",D57,"") | W58: =IF(B57="ITEM",E57,"") | X58: =IF(B57 = "ITEM",F57,"") | Y58: =IF(B57="ITEM",G57,"") | Z58: =IF(B57="ITEM",H57,"") | AA58: =IF(B57="ITEM",I57,"") | AB58: =IF(B57="ITEM",J57,"") | AC58: =IF(B57="ITEM",K57,"")
A59: LUBA BABY B5&VIT E PH5.5 90 W BAG | B59: ITEM | C59: BAGS | D59: PH BALANCED | E59: 90 | G59: 4.4635 | H59: 0.1893 | J59: 231.3342 | K59: 9.7352 | M59: =IF(B58="ITEM",A58,"") -> LUBA BABY B5&VIT E PH5.5W 120 BAG | N59: =IF(B56="MANUFACTURER",A56,N58) -> BroadLeaf Group | O59: =IF(B57="BRAND",A57,O58) -> LUBA (BroadLeaf Group) | P59: =IF(B58="ITEM",N59,"") -> BroadLeaf Group | R59: =IF(B58="ITEM",O59,"") -> LUBA (BroadLeaf Group) | T59: LUBA BABY B5&VIT E PH5.5W 120 BAG | U59: =IF(B58="ITEM",C58,"") -> BAGS | V59: =IF(B58="ITEM",D58,"") -> PH BALANCED | W59: =IF(B58="ITEM",E58,"") -> 120 | X59: =IF(B58 = "ITEM",F58,"") -> 0 | Y59: =IF(B58="ITEM",G58,"") -> 0 | Z59: =IF(B58="ITEM",H58,"") -> 5.7117 | AA59: =IF(B58="ITEM",I58,"") -> 0 | AB59: =IF(B58="ITEM",J58,"") -> 0 | AC59: =IF(B58="ITEM",K58,"") -> 338.463
A60: ArborChemistry | B60: MANUFACTURER | F60: 0.7052 | I60: 47.3253 | M60: =IF(B59="ITEM",A59,"") -> LUBA BABY B5&VIT E PH5.5 90 W BAG | N60: =IF(B57="MANUFACTURER",A57,N59) -> BroadLeaf Group | O60: =IF(B58="BRAND",A58,O59) -> LUBA (BroadLeaf Group) | P60: =IF(B59="ITEM",N60,"") -> BroadLeaf Group | R60: =IF(B59="ITEM",O60,"") -> LUBA (BroadLeaf Group) | T60: LUBA BABY B5&VIT E PH5.5 90 W BAG | U60: =IF(B59="ITEM",C59,"") -> BAGS | V60: =IF(B59="ITEM",D59,"") -> PH BALANCED | W60: =IF(B59="ITEM",E59,"") -> 90 | X60: =IF(B59 = "ITEM",F59,"") -> 0 | Y60: =IF(B59="ITEM",G59,"") -> 4.4635 | Z60: =IF(B59="ITEM",H59,"") -> 0.1893 | AA60: =IF(B59="ITEM",I59,"") -> 0 | AB60: =IF(B59="ITEM",J59,"") -> 231.3342 | AC60: =IF(B59="ITEM",K59,"") -> 9.7352
A61: HUGGLO (ArborChemistry) | B61: BRAND | F61: 0.7052 | I61: 47.3253 | M61: =IF(B60="ITEM",A60,"") | N61: =IF(B58="MANUFACTURER",A58,N60) -> BroadLeaf Group | O61: =IF(B59="BRAND",A59,O60) -> LUBA (BroadLeaf Group) | P61: =IF(B60="ITEM",N61,"") | R61: =IF(B60="ITEM",O61,"") | U61: =IF(B60="ITEM",C60,"") | V61: =IF(B60="ITEM",D60,"") | W61: =IF(B60="ITEM",E60,"") | X61: =IF(B60 = "ITEM",F60,"") | Y61: =IF(B60="ITEM",G60,"") | Z61: =IF(B60="ITEM",H60,"") | AA61: =IF(B60="ITEM",I60,"") | AB61: =IF(B60="ITEM",J60,"") | AC61: =IF(B60="ITEM",K60,"")
A62: HUGGLO BABY PH5.5 W 120 BAG KAPAK | B62: ITEM | C62: BAGS | D62: PH BALANCED | E62: 120 | F62: 0.7052 | I62: 47.3253 | M62: =IF(B61="ITEM",A61,"") | N62: =IF(B59="MANUFACTURER",A59,N61) -> BroadLeaf Group | O62: =IF(B60="BRAND",A60,O61) -> LUBA (BroadLeaf Group) | P62: =IF(B61="ITEM",N62,"") | R62: =IF(B61="ITEM",O62,"") | U62: =IF(B61="ITEM",C61,"") | V62: =IF(B61="ITEM",D61,"") | W62: =IF(B61="ITEM",E61,"") | X62: =IF(B61 = "ITEM",F61,"") | Y62: =IF(B61="ITEM",G61,"") | Z62: =IF(B61="ITEM",H61,"") | AA62: =IF(B61="ITEM",I61,"") | AB62: =IF(B61="ITEM",J61,"") | AC62: =IF(B61="ITEM",K61,"")
A63: ArkPapers | B63: MANUFACTURER | F63: 104.6663 | G63: 94.4256 | H63: 45.9485 | I63: 5728.6422 | J63: 5002.3734 | K63: 2228.919 | M63: =IF(B62="ITEM",A62,"") -> HUGGLO BABY PH5.5 W 120 BAG KAPAK | N63: =IF(B60="MANUFACTURER",A60,N62) -> ArborChemistry | O63: =IF(B61="BRAND",A61,O62) -> HUGGLO (ArborChemistry) | P63: =IF(B62="ITEM",N63,"") -> ArborChemistry | R63: =IF(B62="ITEM",O63,"") -> HUGGLO (ArborChemistry) | T63: HUGGLO BABY PH5.5 W 120 BAG KAPAK | U63: =IF(B62="ITEM",C62,"") -> BAGS | V63: =IF(B62="ITEM",D62,"") -> PH BALANCED | W63: =IF(B62="ITEM",E62,"") -> 120 | X63: =IF(B62 = "ITEM",F62,"") -> 0.7052 | Y63: =IF(B62="ITEM",G62,"") -> 0 | Z63: =IF(B62="ITEM",H62,"") -> 0 | AA63: =IF(B62="ITEM",I62,"") -> 47.3253 | AB63: =IF(B62="ITEM",J62,"") -> 0 | AC63: =IF(B62="ITEM",K62,"") -> 0
A64: PAPILION (ArkPapers) | B64: BRAND | F64: 104.6663 | G64: 94.4256 | H64: 45.9485 | I64: 5728.6422 | J64: 5002.3734 | K64: 2228.919 | M64: =IF(B63="ITEM",A63,"") | N64: =IF(B61="MANUFACTURER",A61,N63) -> ArborChemistry | O64: =IF(B62="BRAND",A62,O63) -> HUGGLO (ArborChemistry) | P64: =IF(B63="ITEM",N64,"") | R64: =IF(B63="ITEM",O64,"") | U64: =IF(B63="ITEM",C63,"") | V64: =IF(B63="ITEM",D63,"") | W64: =IF(B63="ITEM",E63,"") | X64: =IF(B63 = "ITEM",F63,"") | Y64: =IF(B63="ITEM",G63,"") | Z64: =IF(B63="ITEM",H63,"") | AA64: =IF(B63="ITEM",I63,"") | AB64: =IF(B63="ITEM",J63,"") | AC64: =IF(B63="ITEM",K63,"")
A65: PAPILION BABY ALOE VERA W 100 BAG KAPAK | B65: ITEM | C65: BAGS | D65: PH BALANCED | E65: 100 | F65: 0.7628 | G65: 0.2367 | H65: 0.1135 | I65: 43.0746 | J65: 13.9861 | K65: 6.5489 | M65: =IF(B64="ITEM",A64,"") | N65: =IF(B62="MANUFACTURER",A62,N64) -> ArborChemistry | O65: =IF(B63="BRAND",A63,O64) -> HUGGLO (ArborChemistry) | P65: =IF(B64="ITEM",N65,"") | R65: =IF(B64="ITEM",O65,"") | U65: =IF(B64="ITEM",C64,"") | V65: =IF(B64="ITEM",D64,"") | W65: =IF(B64="ITEM",E64,"") | X65: =IF(B64 = "ITEM",F64,"") | Y65: =IF(B64="ITEM",G64,"") | Z65: =IF(B64="ITEM",H64,"") | AA65: =IF(B64="ITEM",I64,"") | AB65: =IF(B64="ITEM",J64,"") | AC65: =IF(B64="ITEM",K64,"")
A66: PAPILION BABY SENSITIVE W 100 BAG KAPAK | B66: ITEM | C66: BAGS | D66: SENSITIVE | E66: 100 | F66: 14.3467 | G66: 14.9893 | H66: 7.9457 | I66: 749.4396 | J66: 788.7151 | K66: 388.8525 | M66: =IF(B65="ITEM",A65,"") -> PAPILION BABY ALOE VERA W 100 BAG KAPAK | N66: =IF(B63="MANUFACTURER",A63,N65) -> ArkPapers | O66: =IF(B64="BRAND",A64,O65) -> PAPILION (ArkPapers) | P66: =IF(B65="ITEM",N66,"") -> ArkPapers | R66: =IF(B65="ITEM",O66,"") -> PAPILION (ArkPapers) | T66: PAPILION BABY ALOE VERA W 100 BAG KAPAK | U66: =IF(B65="ITEM",C65,"") -> BAGS | V66: =IF(B65="ITEM",D65,"") -> PH BALANCED | W66: =IF(B65="ITEM",E65,"") -> 100 | X66: =IF(B65 = "ITEM",F65,"") -> 0.7628 | Y66: =IF(B65="ITEM",G65,"") -> 0.2367 | Z66: =IF(B65="ITEM",H65,"") -> 0.1135 | AA66: =IF(B65="ITEM",I65,"") -> 43.0746 | AB66: =IF(B65="ITEM",J65,"") -> 13.9861 | AC66: =IF(B65="ITEM",K65,"") -> 6.5489
A67: PAPILION BABY WET CHAMOMILE W 100 BAG | B67: ITEM | C67: BAGS | D67: WITHOUT EXTRA PROTECTCARE INDICATION | E67: 100 | F67: 9.9742 | G67: 17.7676 | H67: 9.7081 | I67: 530.9449 | J67: 921.2545 | K67: 442.9018 | M67: =IF(B66="ITEM",A66,"") -> PAPILION BABY SENSITIVE W 100 BAG KAPAK | N67: =IF(B64="MANUFACTURER",A64,N66) -> ArkPapers | O67: =IF(B65="BRAND",A65,O66) -> PAPILION (ArkPapers) | P67: =IF(B66="ITEM",N67,"") -> ArkPapers | R67: =IF(B66="ITEM",O67,"") -> PAPILION (ArkPapers) | T67: PAPILION BABY SENSITIVE W 100 BAG KAPAK | U67: =IF(B66="ITEM",C66,"") -> BAGS | V67: =IF(B66="ITEM",D66,"") -> SENSITIVE | W67: =IF(B66="ITEM",E66,"") -> 100 | X67: =IF(B66 = "ITEM",F66,"") -> 14.3467 | Y67: =IF(B66="ITEM",G66,"") -> 14.9893 | Z67: =IF(B66="ITEM",H66,"") -> 7.9457 | AA67: =IF(B66="ITEM",I66,"") -> 749.4396 | AB67: =IF(B66="ITEM",J66,"") -> 788.7151 | AC67: =IF(B66="ITEM",K66,"") -> 388.8525
A68: PAPILION BABY WET GREEN APPLE W 100 BAG | B68: ITEM | C68: BAGS | D68: WITHOUT EXTRA PROTECTCARE INDICATION | E68: 100 | F68: 15.1808 | G68: 9.7045 | H68: 2.651 | I68: 814.5573 | J68: 531.5391 | K68: 144.9815 | M68: =IF(B67="ITEM",A67,"") -> PAPILION BABY WET CHAMOMILE W 100 BAG | N68: =IF(B65="MANUFACTURER",A65,N67) -> ArkPapers | O68: =IF(B66="BRAND",A66,O67) -> PAPILION (ArkPapers) | P68: =IF(B67="ITEM",N68,"") -> ArkPapers | R68: =IF(B67="ITEM",O68,"") -> PAPILION (ArkPapers) | T68: PAPILION BABY WET CHAMOMILE W 100 BAG | U68: =IF(B67="ITEM",C67,"") -> BAGS | V68: =IF(B67="ITEM",D67,"") -> WITHOUT EXTRA PROTECTCARE INDICATION | W68: =IF(B67="ITEM",E67,"") -> 100 | X68: =IF(B67 = "ITEM",F67,"") -> 9.9742 | Y68: =IF(B67="ITEM",G67,"") -> 17.7676 | Z68: =IF(B67="ITEM",H67,"") -> 9.7081 | AA68: =IF(B67="ITEM",I67,"") -> 530.9449 | AB68: =IF(B67="ITEM",J67,"") -> 921.2545 | AC68: =IF(B67="ITEM",K67,"") -> 442.9018
A69: PAPILION BABYWET CHARM.LAVENDER W 100BAG | B69: ITEM | C69: BAGS | D69: PH BALANCED | E69: 100 | F69: 18.2471 | G69: 19.9031 | H69: 8.7614 | I69: 989.3898 | J69: 1044.1582 | K69: 387.4421 | M69: =IF(B68="ITEM",A68,"") -> PAPILION BABY WET GREEN APPLE W 100 BAG | N69: =IF(B66="MANUFACTURER",A66,N68) -> ArkPapers | O69: =IF(B67="BRAND",A67,O68) -> PAPILION (ArkPapers) | P69: =IF(B68="ITEM",N69,"") -> ArkPapers | R69: =IF(B68="ITEM",O69,"") -> PAPILION (ArkPapers) | T69: PAPILION BABY WET GREEN APPLE W 100 BAG | U69: =IF(B68="ITEM",C68,"") -> BAGS | V69: =IF(B68="ITEM",D68,"") -> WITHOUT EXTRA PROTECTCARE INDICATION | W69: =IF(B68="ITEM",E68,"") -> 100 | X69: =IF(B68 = "ITEM",F68,"") -> 15.1808 | Y69: =IF(B68="ITEM",G68,"") -> 9.7045 | Z69: =IF(B68="ITEM",H68,"") -> 2.651 | AA69: =IF(B68="ITEM",I68,"") -> 814.5573 | AB69: =IF(B68="ITEM",J68,"") -> 531.5391 | AC69: =IF(B68="ITEM",K68,"") -> 144.9815
A70: PAPILION BABYWET CHARMINGROSE W 100 BAG | B70: ITEM | C70: BAGS | D70: PH BALANCED | E70: 100 | F70: 13.7898 | G70: 10.6778 | H70: 5.2233 | I70: 726.8636 | J70: 563.2845 | K70: 268.46 | M70: =IF(B69="ITEM",A69,"") -> PAPILION BABYWET CHARM.LAVENDER W 100BAG | N70: =IF(B67="MANUFACTURER",A67,N69) -> ArkPapers | O70: =IF(B68="BRAND",A68,O69) -> PAPILION (ArkPapers) | P70: =IF(B69="ITEM",N70,"") -> ArkPapers | R70: =IF(B69="ITEM",O70,"") -> PAPILION (ArkPapers) | T70: PAPILION BABYWET CHARM.LAVENDER W 100BAG | U70: =IF(B69="ITEM",C69,"") -> BAGS | V70: =IF(B69="ITEM",D69,"") -> PH BALANCED | W70: =IF(B69="ITEM",E69,"") -> 100 | X70: =IF(B69 = "ITEM",F69,"") -> 18.2471 | Y70: =IF(B69="ITEM",G69,"") -> 19.9031 | Z70: =IF(B69="ITEM",H69,"") -> 8.7614 | AA70: =IF(B69="ITEM",I69,"") -> 989.3898 | AB70: =IF(B69="ITEM",J69,"") -> 1044.1582 | AC70: =IF(B69="ITEM",K69,"") -> 387.4421
A71: PAPILION BABYWET GRAPEFRUIT&LIME W 100BA | B71: ITEM | C71: BAGS | D71: WITHOUT EXTRA PROTECTCARE INDICATION | E71: 100 | M71: =IF(B70="ITEM",A70,"") -> PAPILION BABYWET CHARMINGROSE W 100 BAG | N71: =IF(B68="MANUFACTURER",A68,N70) -> ArkPapers | O71: =IF(B69="BRAND",A69,O70) -> PAPILION (ArkPapers) | P71: =IF(B70="ITEM",N71,"") -> ArkPapers | R71: =IF(B70="ITEM",O71,"") -> PAPILION (ArkPapers) | T71: PAPILION BABYWET CHARMINGROSE W 100 BAG | U71: =IF(B70="ITEM",C70,"") -> BAGS | V71: =IF(B70="ITEM",D70,"") -> PH BALANCED | W71: =IF(B70="ITEM",E70,"") -> 100 | X71: =IF(B70 = "ITEM",F70,"") -> 13.7898 | Y71: =IF(B70="ITEM",G70,"") -> 10.6778 | Z71: =IF(B70="ITEM",H70,"") -> 5.2233 | AA71: =IF(B70="ITEM",I70,"") -> 726.8636 | AB71: =IF(B70="ITEM",J70,"") -> 563.2845 | AC71: =IF(B70="ITEM",K70,"") -> 268.46
A72: PAPILION JUMBO WET PH5.5 W 120 BAG KAPAK | B72: ITEM | C72: BAGS | D72: PH BALANCED | E72: 120 | F72: 29.5908 | G72: 20.8453 | H72: 11.4494 | I72: 1741.4848 | J72: 1127.5656 | K72: 585.9611 | M72: =IF(B71="ITEM",A71,"") -> PAPILION BABYWET GRAPEFRUIT&LIME W 100BA | N72: =IF(B69="MANUFACTURER",A69,N71) -> ArkPapers | O72: =IF(B70="BRAND",A70,O71) -> PAPILION (ArkPapers) | P72: =IF(B71="ITEM",N72,"") -> ArkPapers | R72: =IF(B71="ITEM",O72,"") -> PAPILION (ArkPapers) | T72: PAPILION BABYWET GRAPEFRUIT&LIME W 100BA | U72: =IF(B71="ITEM",C71,"") -> BAGS | V72: =IF(B71="ITEM",D71,"") -> WITHOUT EXTRA PROTECTCARE INDICATION | W72: =IF(B71="ITEM",E71,"") -> 100 | X72: =IF(B71 = "ITEM",F71,"") -> 0 | Y72: =IF(B71="ITEM",G71,"") -> 0 | Z72: =IF(B71="ITEM",H71,"") -> 0 | AA72: =IF(B71="ITEM",I71,"") -> 0 | AB72: =IF(B71="ITEM",J71,"") -> 0 | AC72: =IF(B71="ITEM",K71,"") -> 0
A73: PAPILION BABY WET SENSITIVE W 72 BAG | B73: ITEM | C73: BAGS | D73: SENSITIVE | E73: 72 | F73: 0.7284 | I73: 51.0182 | M73: =IF(B72="ITEM",A72,"") -> PAPILION JUMBO WET PH5.5 W 120 BAG KAPAK | N73: =IF(B70="MANUFACTURER",A70,N72) -> ArkPapers | O73: =IF(B71="BRAND",A71,O72) -> PAPILION (ArkPapers) | P73: =IF(B72="ITEM",N73,"") -> ArkPapers | R73: =IF(B72="ITEM",O73,"") -> PAPILION (ArkPapers) | T73: PAPILION JUMBO WET PH5.5 W 120 BAG KAPAK | U73: =IF(B72="ITEM",C72,"") -> BAGS | V73: =IF(B72="ITEM",D72,"") -> PH BALANCED | W73: =IF(B72="ITEM",E72,"") -> 120 | X73: =IF(B72 = "ITEM",F72,"") -> 29.5908 | Y73: =IF(B72="ITEM",G72,"") -> 20.8453 | Z73: =IF(B72="ITEM",H72,"") -> 11.4494 | AA73: =IF(B72="ITEM",I72,"") -> 1741.4848 | AB73: =IF(B72="ITEM",J72,"") -> 1127.5656 | AC73: =IF(B72="ITEM",K72,"") -> 585.9611
A74: PAPILION YELLOW LILY W 90 BAG KAPAK | B74: ITEM | C74: BAGS | D74: ALCOHOL FREE | E74: 90 | F74: 2.0455 | G74: 0.3007 | H74: 0.096 | I74: 81.8696 | J74: 11.8701 | K74: 3.7712 | M74: =IF(B73="ITEM",A73,"") -> PAPILION BABY WET SENSITIVE W 72 BAG | N74: =IF(B71="MANUFACTURER",A71,N73) -> ArkPapers | O74: =IF(B72="BRAND",A72,O73) -> PAPILION (ArkPapers) | P74: =IF(B73="ITEM",N74,"") -> ArkPapers | R74: =IF(B73="ITEM",O74,"") -> PAPILION (ArkPapers) | T74: PAPILION BABY WET SENSITIVE W 72 BAG | U74: =IF(B73="ITEM",C73,"") -> BAGS | V74: =IF(B73="ITEM",D73,"") -> SENSITIVE | W74: =IF(B73="ITEM",E73,"") -> 72 | X74: =IF(B73 = "ITEM",F73,"") -> 0.7284 | Y74: =IF(B73="ITEM",G73,"") -> 0 | Z74: =IF(B73="ITEM",H73,"") -> 0 | AA74: =IF(B73="ITEM",I73,"") -> 51.0182 | AB74: =IF(B73="ITEM",J73,"") -> 0 | AC74: =IF(B73="ITEM",K73,"") -> 0
A75: Arkana PaperCraft | B75: MANUFACTURER | F75: 1.5391 | G75: 2.0581 | H75: 0.6822 | I75: 71.3574 | J75: 96.8429 | K75: 27.7109 | M75: =IF(B74="ITEM",A74,"") -> PAPILION YELLOW LILY W 90 BAG KAPAK | N75: =IF(B72="MANUFACTURER",A72,N74) -> ArkPapers | O75: =IF(B73="BRAND",A73,O74) -> PAPILION (ArkPapers) | P75: =IF(B74="ITEM",N75,"") -> ArkPapers | R75: =IF(B74="ITEM",O75,"") -> PAPILION (ArkPapers) | T75: PAPILION YELLOW LILY W 90 BAG KAPAK | U75: =IF(B74="ITEM",C74,"") -> BAGS | V75: =IF(B74="ITEM",D74,"") -> ALCOHOL FREE | W75: =IF(B74="ITEM",E74,"") -> 90 | X75: =IF(B74 = "ITEM",F74,"") -> 2.0455 | Y75: =IF(B74="ITEM",G74,"") -> 0.3007 | Z75: =IF(B74="ITEM",H74,"") -> 0.096 | AA75: =IF(B74="ITEM",I74,"") -> 81.8696 | AB75: =IF(B74="ITEM",J74,"") -> 11.8701 | AC75: =IF(B74="ITEM",K74,"") -> 3.7712
A76: HONEY BEBISH (Arkana PaperCraft) | B76: BRAND | M76: =IF(B75="ITEM",A75,"") | N76: =IF(B73="MANUFACTURER",A73,N75) -> ArkPapers | O76: =IF(B74="BRAND",A74,O75) -> PAPILION (ArkPapers) | P76: =IF(B75="ITEM",N76,"") | R76: =IF(B75="ITEM",O76,"") | U76: =IF(B75="ITEM",C75,"") | V76: =IF(B75="ITEM",D75,"") | W76: =IF(B75="ITEM",E75,"") | X76: =IF(B75 = "ITEM",F75,"") | Y76: =IF(B75="ITEM",G75,"") | Z76: =IF(B75="ITEM",H75,"") | AA76: =IF(B75="ITEM",I75,"") | AB76: =IF(B75="ITEM",J75,"") | AC76: =IF(B75="ITEM",K75,"")
A77: HONEY BEBISH WITH CREAM W 102 BAG KAPAK | B77: ITEM | C77: BAGS | D77: WITHOUT EXTRA PROTECTCARE INDICATION | E77: 102 | M77: =IF(B76="ITEM",A76,"") | N77: =IF(B74="MANUFACTURER",A74,N76) -> ArkPapers | O77: =IF(B75="BRAND",A75,O76) -> PAPILION (ArkPapers) | P77: =IF(B76="ITEM",N77,"") | R77: =IF(B76="ITEM",O77,"") | U77: =IF(B76="ITEM",C76,"") | V77: =IF(B76="ITEM",D76,"") | W77: =IF(B76="ITEM",E76,"") | X77: =IF(B76 = "ITEM",F76,"") | Y77: =IF(B76="ITEM",G76,"") | Z77: =IF(B76="ITEM",H76,"") | AA77: =IF(B76="ITEM",I76,"") | AB77: =IF(B76="ITEM",J76,"") | AC77: =IF(B76="ITEM",K76,"")
A78: PINE (Arkana PaperCraft) | B78: BRAND | F78: 1.5391 | G78: 2.0581 | H78: 0.6822 | I78: 71.3574 | J78: 96.8429 | K78: 27.7109 | M78: =IF(B77="ITEM",A77,"") -> HONEY BEBISH WITH CREAM W 102 BAG KAPAK | N78: =IF(B75="MANUFACTURER",A75,N77) -> Arkana PaperCraft | O78: =IF(B76="BRAND",A76,O77) -> HONEY BEBISH (Arkana PaperCraft) | P78: =IF(B77="ITEM",N78,"") -> Arkana PaperCraft | R78: =IF(B77="ITEM",O78,"") -> HONEY BEBISH (Arkana PaperCraft) | T78: HONEY BEBISH WITH CREAM W 102 BAG KAPAK | U78: =IF(B77="ITEM",C77,"") -> BAGS | V78: =IF(B77="ITEM",D77,"") -> WITHOUT EXTRA PROTECTCARE INDICATION | W78: =IF(B77="ITEM",E77,"") -> 102 | X78: =IF(B77 = "ITEM",F77,"") -> 0 | Y78: =IF(B77="ITEM",G77,"") -> 0 | Z78: =IF(B77="ITEM",H77,"") -> 0 | AA78: =IF(B77="ITEM",I77,"") -> 0 | AB78: =IF(B77="ITEM",J77,"") -> 0 | AC78: =IF(B77="ITEM",K77,"") -> 0
A79: PINE ALOE VERA KREMALI W 120 BAG KAPAK | B79: ITEM | C79: BAGS | D79: WITHOUT EXTRA PROTECTCARE INDICATION | E79: 120 | F79: 1.0717 | G79: 1.6845 | H79: 0.2092 | I79: 53.4282 | J79: 83.4014 | K79: 9.5613 | M79: =IF(B78="ITEM",A78,"") | N79: =IF(B76="MANUFACTURER",A76,N78) -> Arkana PaperCraft | O79: =IF(B77="BRAND",A77,O78) -> HONEY BEBISH (Arkana PaperCraft) | P79: =IF(B78="ITEM",N79,"") | R79: =IF(B78="ITEM",O79,"") | U79: =IF(B78="ITEM",C78,"") | V79: =IF(B78="ITEM",D78,"") | W79: =IF(B78="ITEM",E78,"") | X79: =IF(B78 = "ITEM",F78,"") | Y79: =IF(B78="ITEM",G78,"") | Z79: =IF(B78="ITEM",H78,"") | AA79: =IF(B78="ITEM",I78,"") | AB79: =IF(B78="ITEM",J78,"") | AC79: =IF(B78="ITEM",K78,"")
A80: PINE ALOE VERA KREMALI W 72 BAG KAPAK | B80: ITEM | C80: BAGS | D80: WITHOUT EXTRA PROTECTCARE INDICATION | E80: 72 | F80: 0.4676 | G80: 0.3734 | H80: 0.4729 | I80: 17.9292 | J80: 13.4417 | K80: 18.1497 | M80: =IF(B79="ITEM",A79,"") -> PINE ALOE VERA KREMALI W 120 BAG KAPAK | N80: =IF(B77="MANUFACTURER",A77,N79) -> Arkana PaperCraft | O80: =IF(B78="BRAND",A78,O79) -> PINE (Arkana PaperCraft) | P80: =IF(B79="ITEM",N80,"") -> Arkana PaperCraft | R80: =IF(B79="ITEM",O80,"") -> PINE (Arkana PaperCraft) | T80: PINE ALOE VERA KREMALI W 120 BAG KAPAK | U80: =IF(B79="ITEM",C79,"") -> BAGS | V80: =IF(B79="ITEM",D79,"") -> WITHOUT EXTRA PROTECTCARE INDICATION | W80: =IF(B79="ITEM",E79,"") -> 120 | X80: =IF(B79 = "ITEM",F79,"") -> 1.0717 | Y80: =IF(B79="ITEM",G79,"") -> 1.6845 | Z80: =IF(B79="ITEM",H79,"") -> 0.2092 | AA80: =IF(B79="ITEM",I79,"") -> 53.4282 | AB80: =IF(B79="ITEM",J79,"") -> 83.4014 | AC80: =IF(B79="ITEM",K79,"") -> 9.5613
A81: Fragrantium S.A. | B81: MANUFACTURER | F81: 0.0445 | G81: 0.062 | I81: 0.3676 | J81: 0.4838 | M81: =IF(B80="ITEM",A80,"") -> PINE ALOE VERA KREMALI W 72 BAG KAPAK | N81: =IF(B78="MANUFACTURER",A78,N80) -> Arkana PaperCraft | O81: =IF(B79="BRAND",A79,O80) -> PINE (Arkana PaperCraft) | P81: =IF(B80="ITEM",N81,"") -> Arkana PaperCraft | R81: =IF(B80="ITEM",O81,"") -> PINE (Arkana PaperCraft) | T81: PINE ALOE VERA KREMALI W 72 BAG KAPAK | U81: =IF(B80="ITEM",C80,"") -> BAGS | V81: =IF(B80="ITEM",D80,"") -> WITHOUT EXTRA PROTECTCARE INDICATION | W81: =IF(B80="ITEM",E80,"") -> 72 | X81: =IF(B80 = "ITEM",F80,"") -> 0.4676 | Y81: =IF(B80="ITEM",G80,"") -> 0.3734 | Z81: =IF(B80="ITEM",H80,"") -> 0.4729 | AA81: =IF(B80="ITEM",I80,"") -> 17.9292 | AB81: =IF(B80="ITEM",J80,"") -> 13.4417 | AC81: =IF(B80="ITEM",K80,"") -> 18.1497
A82: TROMPY (Fragrantium S.A.) | B82: BRAND | F82: 0.0445 | G82: 0.062 | I82: 0.3676 | J82: 0.4838 | M82: =IF(B81="ITEM",A81,"") | N82: =IF(B79="MANUFACTURER",A79,N81) -> Arkana PaperCraft | O82: =IF(B80="BRAND",A80,O81) -> PINE (Arkana PaperCraft) | P82: =IF(B81="ITEM",N82,"") | R82: =IF(B81="ITEM",O82,"") | U82: =IF(B81="ITEM",C81,"") | V82: =IF(B81="ITEM",D81,"") | W82: =IF(B81="ITEM",E81,"") | X82: =IF(B81 = "ITEM",F81,"") | Y82: =IF(B81="ITEM",G81,"") | Z82: =IF(B81="ITEM",H81,"") | AA82: =IF(B81="ITEM",I81,"") | AB82: =IF(B81="ITEM",J81,"") | AC82: =IF(B81="ITEM",K81,"")
A83: TROMPY 20 BAG | B83: ITEM | C83: BAGS | D83: WITHOUT EXTRA PROTECTCARE INDICATION | E83: 20 | F83: 0.0445 | G83: 0.062 | I83: 0.3676 | J83: 0.4838 | M83: =IF(B82="ITEM",A82,"") | N83: =IF(B80="MANUFACTURER",A80,N82) -> Arkana PaperCraft | O83: =IF(B81="BRAND",A81,O82) -> PINE (Arkana PaperCraft) | P83: =IF(B82="ITEM",N83,"") | R83: =IF(B82="ITEM",O83,"") | U83: =IF(B82="ITEM",C82,"") | V83: =IF(B82="ITEM",D82,"") | W83: =IF(B82="ITEM",E82,"") | X83: =IF(B82 = "ITEM",F82,"") | Y83: =IF(B82="ITEM",G82,"") | Z83: =IF(B82="ITEM",H82,"") | AA83: =IF(B82="ITEM",I82,"") | AB83: =IF(B82="ITEM",J82,"") | AC83: =IF(B82="ITEM",K82,"")
A84: ArsenicChem | B84: MANUFACTURER | F84: 11.9632 | G84: 18.1362 | H84: 9.0267 | I84: 603.2763 | J84: 937.4519 | K84: 454.7743 | M84: =IF(B83="ITEM",A83,"") -> TROMPY 20 BAG | N84: =IF(B81="MANUFACTURER",A81,N83) -> Fragrantium S.A. | O84: =IF(B82="BRAND",A82,O83) -> TROMPY (Fragrantium S.A.) | P84: =IF(B83="ITEM",N84,"") -> Fragrantium S.A. | R84: =IF(B83="ITEM",O84,"") -> TROMPY (Fragrantium S.A.) | T84: TROMPY 20 BAG | U84: =IF(B83="ITEM",C83,"") -> BAGS | V84: =IF(B83="ITEM",D83,"") -> WITHOUT EXTRA PROTECTCARE INDICATION | W84: =IF(B83="ITEM",E83,"") -> 20 | X84: =IF(B83 = "ITEM",F83,"") -> 0.0445 | Y84: =IF(B83="ITEM",G83,"") -> 0.062 | Z84: =IF(B83="ITEM",H83,"") -> 0 | AA84: =IF(B83="ITEM",I83,"") -> 0.3676 | AB84: =IF(B83="ITEM",J83,"") -> 0.4838 | AC84: =IF(B83="ITEM",K83,"") -> 0
A85: HAPPY FRESH (ArsenicChem) | B85: BRAND | F85: 3.3401 | G85: 5.1974 | H85: 3.7095 | I85: 168.6598 | J85: 278.6264 | K85: 222.0746 | M85: =IF(B84="ITEM",A84,"") | N85: =IF(B82="MANUFACTURER",A82,N84) -> Fragrantium S.A. | O85: =IF(B83="BRAND",A83,O84) -> TROMPY (Fragrantium S.A.) | P85: =IF(B84="ITEM",N85,"") | R85: =IF(B84="ITEM",O85,"") | U85: =IF(B84="ITEM",C84,"") | V85: =IF(B84="ITEM",D84,"") | W85: =IF(B84="ITEM",E84,"") | X85: =IF(B84 = "ITEM",F84,"") | Y85: =IF(B84="ITEM",G84,"") | Z85: =IF(B84="ITEM",H84,"") | AA85: =IF(B84="ITEM",I84,"") | AB85: =IF(B84="ITEM",J84,"") | AC85: =IF(B84="ITEM",K84,"")
A86: HAPPY FRESH BABY CREAM W 72 BAG | B86: ITEM | C86: BAGS | D86: PH BALANCED | E86: 72 | M86: =IF(B85="ITEM",A85,"") | N86: =IF(B83="MANUFACTURER",A83,N85) -> Fragrantium S.A. | O86: =IF(B84="BRAND",A84,O85) -> TROMPY (Fragrantium S.A.) | P86: =IF(B85="ITEM",N86,"") | R86: =IF(B85="ITEM",O86,"") | U86: =IF(B85="ITEM",C85,"") | V86: =IF(B85="ITEM",D85,"") | W86: =IF(B85="ITEM",E85,"") | X86: =IF(B85 = "ITEM",F85,"") | Y86: =IF(B85="ITEM",G85,"") | Z86: =IF(B85="ITEM",H85,"") | AA86: =IF(B85="ITEM",I85,"") | AB86: =IF(B85="ITEM",J85,"") | AC86: =IF(B85="ITEM",K85,"")
A87: HAPPY FRESH BABY W 72 BAG KAPAK | B87: ITEM | C87: BAGS | D87: WITHOUT EXTRA PROTECTCARE INDICATION | E87: 72 | F87: 3.3401 | G87: 5.1974 | H87: 3.7095 | I87: 168.6598 | J87: 278.6264 | K87: 222.0746 | M87: =IF(B86="ITEM",A86,"") -> HAPPY FRESH BABY CREAM W 72 BAG | N87: =IF(B84="MANUFACTURER",A84,N86) -> ArsenicChem | O87: =IF(B85="BRAND",A85,O86) -> HAPPY FRESH (ArsenicChem) | P87: =IF(B86="ITEM",N87,"") -> ArsenicChem | R87: =IF(B86="ITEM",O87,"") -> HAPPY FRESH (ArsenicChem) | T87: HAPPY FRESH BABY CREAM W 72 BAG | U87: =IF(B86="ITEM",C86,"") -> BAGS | V87: =IF(B86="ITEM",D86,"") -> PH BALANCED | W87: =IF(B86="ITEM",E86,"") -> 72 | X87: =IF(B86 = "ITEM",F86,"") -> 0 | Y87: =IF(B86="ITEM",G86,"") -> 0 | Z87: =IF(B86="ITEM",H86,"") -> 0 | AA87: =IF(B86="ITEM",I86,"") -> 0 | AB87: =IF(B86="ITEM",J86,"") -> 0 | AC87: =IF(B86="ITEM",K86,"") -> 0
A88: ULTRA COMPACT (ArsenicChem) | B88: BRAND | F88: 8.6231 | G88: 12.9388 | H88: 5.3172 | I88: 434.6166 | J88: 658.8255 | K88: 232.6998 | M88: =IF(B87="ITEM",A87,"") -> HAPPY FRESH BABY W 72 BAG KAPAK | N88: =IF(B85="MANUFACTURER",A85,N87) -> ArsenicChem | O88: =IF(B86="BRAND",A86,O87) -> HAPPY FRESH (ArsenicChem) | P88: =IF(B87="ITEM",N88,"") -> ArsenicChem | R88: =IF(B87="ITEM",O88,"") -> HAPPY FRESH (ArsenicChem) | T88: HAPPY FRESH BABY W 72 BAG KAPAK | U88: =IF(B87="ITEM",C87,"") -> BAGS | V88: =IF(B87="ITEM",D87,"") -> WITHOUT EXTRA PROTECTCARE INDICATION | W88: =IF(B87="ITEM",E87,"") -> 72 | X88: =IF(B87 = "ITEM",F87,"") -> 3.3401 | Y88: =IF(B87="ITEM",G87,"") -> 5.1974 | Z88: =IF(B87="ITEM",H87,"") -> 3.7095 | AA88: =IF(B87="ITEM",I87,"") -> 168.6598 | AB88: =IF(B87="ITEM",J87,"") -> 278.6264 | AC88: =IF(B87="ITEM",K87,"") -> 222.0746
A89: ULTRA COMPACT ANGELS ALC.FREE W 120 BAG | B89: ITEM | C89: BAGS | D89: ALCOHOL FREE | E89: 120 | F89: 1.2582 | G89: 4.4391 | H89: 0.7091 | I89: 67.5266 | J89: 226.1565 | K89: 33.7591 | M89: =IF(B88="ITEM",A88,"") | N89: =IF(B86="MANUFACTURER",A86,N88) -> ArsenicChem | O89: =IF(B87="BRAND",A87,O88) -> HAPPY FRESH (ArsenicChem) | P89: =IF(B88="ITEM",N89,"") | R89: =IF(B88="ITEM",O89,"") | U89: =IF(B88="ITEM",C88,"") | V89: =IF(B88="ITEM",D88,"") | W89: =IF(B88="ITEM",E88,"") | X89: =IF(B88 = "ITEM",F88,"") | Y89: =IF(B88="ITEM",G88,"") | Z89: =IF(B88="ITEM",H88,"") | AA89: =IF(B88="ITEM",I88,"") | AB89: =IF(B88="ITEM",J88,"") | AC89: =IF(B88="ITEM",K88,"")
A90: ULTRA COMPACT MOMO CREAMY W 120 BAG | B90: ITEM | C90: BAGS | D90: ALCOHOL FREE | E90: 120 | F90: 4.5986 | G90: 6.1303 | H90: 2.8556 | I90: 228.6993 | J90: 310.5137 | K90: 123.6022 | M90: =IF(B89="ITEM",A89,"") -> ULTRA COMPACT ANGELS ALC.FREE W 120 BAG | N90: =IF(B87="MANUFACTURER",A87,N89) -> ArsenicChem | O90: =IF(B88="BRAND",A88,O89) -> ULTRA COMPACT (ArsenicChem) | P90: =IF(B89="ITEM",N90,"") -> ArsenicChem | R90: =IF(B89="ITEM",O90,"") -> ULTRA COMPACT (ArsenicChem) | T90: ULTRA COMPACT ANGELS ALC.FREE W 120 BAG | U90: =IF(B89="ITEM",C89,"") -> BAGS | V90: =IF(B89="ITEM",D89,"") -> ALCOHOL FREE | W90: =IF(B89="ITEM",E89,"") -> 120 | X90: =IF(B89 = "ITEM",F89,"") -> 1.2582 | Y90: =IF(B89="ITEM",G89,"") -> 4.4391 | Z90: =IF(B89="ITEM",H89,"") -> 0.7091 | AA90: =IF(B89="ITEM",I89,"") -> 67.5266 | AB90: =IF(B89="ITEM",J89,"") -> 226.1565 | AC90: =IF(B89="ITEM",K89,"") -> 33.7591
A91: ULTRA COMPACT ANGELS ALC.FREE W 72 BAG | B91: ITEM | C91: BAGS | D91: ALCOHOL FREE | E91: 72 | F91: 0.9464 | G91: 1.6005 | H91: 1.0179 | I91: 54.8685 | J91: 87.0275 | K91: 38.0804 | M91: =IF(B90="ITEM",A90,"") -> ULTRA COMPACT MOMO CREAMY W 120 BAG | N91: =IF(B88="MANUFACTURER",A88,N90) -> ArsenicChem | O91: =IF(B89="BRAND",A89,O90) -> ULTRA COMPACT (ArsenicChem) | P91: =IF(B90="ITEM",N91,"") -> ArsenicChem | R91: =IF(B90="ITEM",O91,"") -> ULTRA COMPACT (ArsenicChem) | T91: ULTRA COMPACT MOMO CREAMY W 120 BAG | U91: =IF(B90="ITEM",C90,"") -> BAGS | V91: =IF(B90="ITEM",D90,"") -> ALCOHOL FREE | W91: =IF(B90="ITEM",E90,"") -> 120 | X91: =IF(B90 = "ITEM",F90,"") -> 4.5986 | Y91: =IF(B90="ITEM",G90,"") -> 6.1303 | Z91: =IF(B90="ITEM",H90,"") -> 2.8556 | AA91: =IF(B90="ITEM",I90,"") -> 228.6993 | AB91: =IF(B90="ITEM",J90,"") -> 310.5137 | AC91: =IF(B90="ITEM",K90,"") -> 123.6022
A92: ULTRACOMPACT BABY PH5.5 ALC.FREE W 72 BA | B92: ITEM | C92: BAGS | D92: PH BALANCED | E92: 72 | F92: 1.8199 | G92: 0.7691 | H92: 0.7348 | I92: 83.5223 | J92: 35.1275 | K92: 37.2582 | M92: =IF(B91="ITEM",A91,"") -> ULTRA COMPACT ANGELS ALC.FREE W 72 BAG | N92: =IF(B89="MANUFACTURER",A89,N91) -> ArsenicChem | O92: =IF(B90="BRAND",A90,O91) -> ULTRA COMPACT (ArsenicChem) | P92: =IF(B91="ITEM",N92,"") -> ArsenicChem | R92: =IF(B91="ITEM",O92,"") -> ULTRA COMPACT (ArsenicChem) | T92: ULTRA COMPACT ANGELS ALC.FREE W 72 BAG | U92: =IF(B91="ITEM",C91,"") -> BAGS | V92: =IF(B91="ITEM",D91,"") -> ALCOHOL FREE | W92: =IF(B91="ITEM",E91,"") -> 72 | X92: =IF(B91 = "ITEM",F91,"") -> 0.9464 | Y92: =IF(B91="ITEM",G91,"") -> 1.6005 | Z92: =IF(B91="ITEM",H91,"") -> 1.0179 | AA92: =IF(B91="ITEM",I91,"") -> 54.8685 | AB92: =IF(B91="ITEM",J91,"") -> 87.0275 | AC92: =IF(B91="ITEM",K91,"") -> 38.0804
A93: Creativa Worldwide | B93: MANUFACTURER | G93: 13.1921 | H93: 52.8111 | J93: 565.5391 | K93: 2091.2261 | M93: =IF(B92="ITEM",A92,"") -> ULTRACOMPACT BABY PH5.5 ALC.FREE W 72 BA | N93: =IF(B90="MANUFACTURER",A90,N92) -> ArsenicChem | O93: =IF(B91="BRAND",A91,O92) -> ULTRA COMPACT (ArsenicChem) | P93: =IF(B92="ITEM",N93,"") -> ArsenicChem | R93: =IF(B92="ITEM",O93,"") -> ULTRA COMPACT (ArsenicChem) | T93: ULTRACOMPACT BABY PH5.5 ALC.FREE W 72 BA | U93: =IF(B92="ITEM",C92,"") -> BAGS | V93: =IF(B92="ITEM",D92,"") -> PH BALANCED | W93: =IF(B92="ITEM",E92,"") -> 72 | X93: =IF(B92 = "ITEM",F92,"") -> 1.8199 | Y93: =IF(B92="ITEM",G92,"") -> 0.7691 | Z93: =IF(B92="ITEM",H92,"") -> 0.7348 | AA93: =IF(B92="ITEM",I92,"") -> 83.5223 | AB93: =IF(B92="ITEM",J92,"") -> 35.1275 | AC93: =IF(B92="ITEM",K92,"") -> 37.2582
A94: KANZ ( Creativa Worldwide) | B94: BRAND | G94: 13.1921 | H94: 52.8111 | J94: 565.5391 | K94: 2091.2261 | M94: =IF(B93="ITEM",A93,"") | N94: =IF(B91="MANUFACTURER",A91,N93) -> ArsenicChem | O94: =IF(B92="BRAND",A92,O93) -> ULTRA COMPACT (ArsenicChem) | P94: =IF(B93="ITEM",N94,"") | R94: =IF(B93="ITEM",O94,"") | U94: =IF(B93="ITEM",C93,"") | V94: =IF(B93="ITEM",D93,"") | W94: =IF(B93="ITEM",E93,"") | X94: =IF(B93 = "ITEM",F93,"") | Y94: =IF(B93="ITEM",G93,"") | Z94: =IF(B93="ITEM",H93,"") | AA94: =IF(B93="ITEM",I93,"") | AB94: =IF(B93="ITEM",J93,"") | AC94: =IF(B93="ITEM",K93,"")
A95: KANZ NATURAL SENS.SKIN ALC.FREE W120 BAG | B95: ITEM | C95: BAGS | D95: ALCOHOL FREE | E95: 120 | G95: 10.5616 | H95: 42.6479 | J95: 483.3957 | K95: 1689.356 | M95: =IF(B94="ITEM",A94,"") | N95: =IF(B92="MANUFACTURER",A92,N94) -> ArsenicChem | O95: =IF(B93="BRAND",A93,O94) -> ULTRA COMPACT (ArsenicChem) | P95: =IF(B94="ITEM",N95,"") | R95: =IF(B94="ITEM",O95,"") | U95: =IF(B94="ITEM",C94,"") | V95: =IF(B94="ITEM",D94,"") | W95: =IF(B94="ITEM",E94,"") | X95: =IF(B94 = "ITEM",F94,"") | Y95: =IF(B94="ITEM",G94,"") | Z95: =IF(B94="ITEM",H94,"") | AA95: =IF(B94="ITEM",I94,"") | AB95: =IF(B94="ITEM",J94,"") | AC95: =IF(B94="ITEM",K94,"")
A96: KANZ EXTRA SOFT ALC.FREE W 50 BAG | B96: ITEM | C96: BAGS | D96: ALCOHOL FREE | E96: 50 | G96: 2.0856 | H96: 2.5316 | J96: 61.2627 | K96: 71.1653 | M96: =IF(B95="ITEM",A95,"") -> KANZ NATURAL SENS.SKIN ALC.FREE W120 BAG | N96: =IF(B93="MANUFACTURER",A93,N95) -> Creativa Worldwide | O96: =IF(B94="BRAND",A94,O95) -> KANZ ( Creativa Worldwide) | P96: =IF(B95="ITEM",N96,"") -> Creativa Worldwide | R96: =IF(B95="ITEM",O96,"") -> KANZ ( Creativa Worldwide) | T96: KANZ NATURAL SENS.SKIN ALC.FREE W120 BAG | U96: =IF(B95="ITEM",C95,"") -> BAGS | V96: =IF(B95="ITEM",D95,"") -> ALCOHOL FREE | W96: =IF(B95="ITEM",E95,"") -> 120 | X96: =IF(B95 = "ITEM",F95,"") -> 0 | Y96: =IF(B95="ITEM",G95,"") -> 10.5616 | Z96: =IF(B95="ITEM",H95,"") -> 42.6479 | AA96: =IF(B95="ITEM",I95,"") -> 0 | AB96: =IF(B95="ITEM",J95,"") -> 483.3957 | AC96: =IF(B95="ITEM",K95,"") -> 1689.356
A97: KANZ ULTRA SOFT ALC.FREE W 72 BAG | B97: ITEM | C97: BAGS | D97: ALCOHOL FREE | E97: 72 | G97: 0.5448 | H97: 7.6316 | J97: 20.8807 | K97: 330.7048 | M97: =IF(B96="ITEM",A96,"") -> KANZ EXTRA SOFT ALC.FREE W 50 BAG | N97: =IF(B94="MANUFACTURER",A94,N96) -> Creativa Worldwide | O97: =IF(B95="BRAND",A95,O96) -> KANZ ( Creativa Worldwide) | P97: =IF(B96="ITEM",N97,"") -> Creativa Worldwide | R97: =IF(B96="ITEM",O97,"") -> KANZ ( Creativa Worldwide) | T97: KANZ EXTRA SOFT ALC.FREE W 50 BAG | U97: =IF(B96="ITEM",C96,"") -> BAGS | V97: =IF(B96="ITEM",D96,"") -> ALCOHOL FREE | W97: =IF(B96="ITEM",E96,"") -> 50 | X97: =IF(B96 = "ITEM",F96,"") -> 0 | Y97: =IF(B96="ITEM",G96,"") -> 2.0856 | Z97: =IF(B96="ITEM",H96,"") -> 2.5316 | AA97: =IF(B96="ITEM",I96,"") -> 0 | AB97: =IF(B96="ITEM",J96,"") -> 61.2627 | AC97: =IF(B96="ITEM",K96,"") -> 71.1653
A98: CultureSana | B98: MANUFACTURER | F98: 3.1665 | G98: 2.1888 | H98: 0.4629 | I98: 65.2032 | J98: 50.3704 | K98: 10.1666 | M98: =IF(B97="ITEM",A97,"") -> KANZ ULTRA SOFT ALC.FREE W 72 BAG | N98: =IF(B95="MANUFACTURER",A95,N97) -> Creativa Worldwide | O98: =IF(B96="BRAND",A96,O97) -> KANZ ( Creativa Worldwide) | P98: =IF(B97="ITEM",N98,"") -> Creativa Worldwide | R98: =IF(B97="ITEM",O98,"") -> KANZ ( Creativa Worldwide) | T98: KANZ ULTRA SOFT ALC.FREE W 72 BAG | U98: =IF(B97="ITEM",C97,"") -> BAGS | V98: =IF(B97="ITEM",D97,"") -> ALCOHOL FREE | W98: =IF(B97="ITEM",E97,"") -> 72 | X98: =IF(B97 = "ITEM",F97,"") -> 0 | Y98: =IF(B97="ITEM",G97,"") -> 0.5448 | Z98: =IF(B97="ITEM",H97,"") -> 7.6316 | AA98: =IF(B97="ITEM",I97,"") -> 0 | AB98: =IF(B97="ITEM",J97,"") -> 20.8807 | AC98: =IF(B97="ITEM",K97,"") -> 330.7048
A99: CHICCO (CultureSana) | B99: BRAND | F99: 3.1665 | G99: 2.1888 | H99: 0.4629 | I99: 65.2032 | J99: 50.3704 | K99: 10.1666 | M99: =IF(B98="ITEM",A98,"") | N99: =IF(B96="MANUFACTURER",A96,N98) -> Creativa Worldwide | O99: =IF(B97="BRAND",A97,O98) -> KANZ ( Creativa Worldwide) | P99: =IF(B98="ITEM",N99,"") | R99: =IF(B98="ITEM",O99,"") | U99: =IF(B98="ITEM",C98,"") | V99: =IF(B98="ITEM",D98,"") | W99: =IF(B98="ITEM",E98,"") | X99: =IF(B98 = "ITEM",F98,"") | Y99: =IF(B98="ITEM",G98,"") | Z99: =IF(B98="ITEM",H98,"") | AA99: =IF(B98="ITEM",I98,"") | AB99: =IF(B98="ITEM",J98,"") | AC99: =IF(B98="ITEM",K98,"")
A100: CHICCO SALVIETTINE SENSITIVE W 60 BAG | B100: ITEM | C100: BAGS | D100: SENSITIVE | E100: 60 | G100: 1.5012 | H100: 0.1831 | J100: 36.1945 | K100: 4.9928 | M100: =IF(B99="ITEM",A99,"") | N100: =IF(B97="MANUFACTURER",A97,N99) -> Creativa Worldwide | O100: =IF(B98="BRAND",A98,O99) -> KANZ ( Creativa Worldwide) | P100: =IF(B99="ITEM",N100,"") | R100: =IF(B99="ITEM",O100,"") | U100: =IF(B99="ITEM",C99,"") | V100: =IF(B99="ITEM",D99,"") | W100: =IF(B99="ITEM",E99,"") | X100: =IF(B99 = "ITEM",F99,"") | Y100: =IF(B99="ITEM",G99,"") | Z100: =IF(B99="ITEM",H99,"") | AA100: =IF(B99="ITEM",I99,"") | AB100: =IF(B99="ITEM",J99,"") | AC100: =IF(B99="ITEM",K99,"")
...

Sheet Pivot Table
A3: Row Labels | B3: Sum of Value(1000$) 2022 | C3: Sum of Value(1000$) 2023 | D3: Sum of Value(1000$) 2024 | E3: Sum of Volume(1000) 2022 | F3: Sum of Volume(1000) 2023 | G3: Sum of Volume(1000) 2024 | H3: Sum of Average Price(2022) | I3: Sum of Average Price(2023) | J3: Sum of Average Price(2024) | K3: Sum of sum of value 22-24 | L3: Sum of sum of value 22-242 | M3: Sum of sum of value 22-243 | N3: YoY Value 2022-23 | O3: YoY Volume 2022-23 | P3: YoY Average Value 2022-23 | R3: YEAR | S3: 2022 | T3: 2023 | U3: 2024 | W3: difference in number(22-23) | X3: yoy difference in percenatge(22-23) | Y3: difference in number(23-24) | Z3: yoy difference in percenatge(23-24)
A4: VigaLife | B4: 3341.5013 | C4: 3428.0433 | D4: 1852.1966 | E4: 125970.25 | F4: 127615.61 | G4: 64977.618 | H4: 0.99167134 | I4: 0.83817512 | J4: 0.8399866 | K4: 8621.7412 | L4: 318563.48 | M4: 0.88994435 | N4: =IFERROR((C4/B4)-1,0) -> 0.025899137 | O4: =IFERROR((F4/E4)-1,0) -> 0.013061531 | P4: =IFERROR((I4/H4)-1,0) -> -0.15478537 | R4: Total Value | S4: =SUM(B4:B110) -> 11880.159 | T4: =SUM(C4:C110) -> 12264.847 | U4: =SUM(D4:D110) -> 6590.0513 | V4: Value | W4: =T4-S4 -> 384.6885 | X4: =IFERROR(((T4-S4)/T4),0) -> 0.031365127 | Y4: =U4-T4 -> -5674.7961 | Z4: =IFERROR(((U4-T4)/T4),0) -> -0.46268787
A5: Proctor & Wager | B5: 1818.5406 | C5: 2101.7048 | D5: 1233.5608 | E5: 45983.129 | F5: 53803.278 | G5: 29897.358 | H5: 4.6613627 | I5: 3.3633867 | J5: 1.7329292 | K5: 5153.8062 | L5: 129683.77 | M5: 3.2525595 | N5: =IFERROR((C5/B5)-1,0) -> 0.15570958 | O5: =IFERROR((F5/E5)-1,0) -> 0.17006562 | P5: =IFERROR((I5/H5)-1,0) -> -0.2784542 | R5: Total Volume | S5: =SUM(E4:E110) -> 470248.16 | T5: =SUM(F4:F110) -> 475047.06 | U5: =SUM(G4:G110) -> 239949.4 | V5: Volume | W5: =T5-S5 -> 4798.8996 | X5: =IFERROR(((T5-S5)/T5),0) -> 0.010101946 | Y5: =U5-T5 -> -235097.66 | Z5: =IFERROR(((U5-T5)/T5),0) -> -0.49489341
A6: Fulya Beauty | B6: 1012.923 | C6: 822.9812 | D6: 367.9878 | E6: 57405.587 | F6: 44546.772 | G6: 18766.233 | H6: 0.37077166 | I6: 0.40427677 | J6: 0.44246364 | K6: 2203.892 | L6: 120718.59 | M6: 0.40583736 | N6: =IFERROR((C6/B6)-1,0) -> -0.1875185 | O6: =IFERROR((F6/E6)-1,0) -> -0.22399937 | P6: =IFERROR((I6/H6)-1,0) -> 0.09036588 | R6: Average Price | S6: =IFERROR(S4/S5,0) -> 0.025263595 | T6: =IFERROR(T4/T5,0) -> 0.025818173 | U6: =IFERROR(U4/U5,0) -> 0.027464338 | V6: Average Prices | W6: =T6-S6 -> 0.00055457884 | X6: =IFERROR(((T6-S6)/T6),0) -> 0.021480173 | Y6: =U6-T6 -> 0.0016461641 | Z6: =IFERROR(((U6-T6)/T6),0) -> 0.0637599
A7: SepaTextiles | B7: 632.962 | C7: 529.4108 | D7: 262.1373 | E7: 36136.764 | F7: 28913.012 | G7: 13646.294 | H7: 0.21332748 | I7: 0.1980046 | J7: 0.1650894 | K7: 1424.5101 | L7: 78696.07 | M7: 0.19214049 | N7: =IFERROR((C7/B7)-1,0) -> -0.16359781 | O7: =IFERROR((F7/E7)-1,0) -> -0.19990036 | P7: =IFERROR((I7/H7)-1,0) -> -0.071827927
A8: Intelligent Initiative | B8: 511.7809 | C8: 507.3046 | D8: 295.7135 | E8: 23199.702 | F8: 21680.539 | G8: 11434.484 | H8: 0.26853896 | I8: 0.31561664 | J8: 0.34844293 | K8: 1314.799 | L8: 56314.725 | M8: 0.31086618 | N8: =IFERROR((C8/B8)-1,0) -> -0.0087465163 | O8: =IFERROR((F8/E8)-1,0) -> -0.065482017 | P8: =IFERROR((I8/H8)-1,0) -> 0.17531044
A9: AxisOn Group | B9: 471.6444 | C9: 448.0014 | D9: 276.1402 | E9: 13724.156 | F9: 13181.351 | G9: 8823.524 | H9: 0.42840833 | I9: 0.42837005 | J9: 0.35372089 | K9: 1195.786 | L9: 35729.032 | M9: 0.40349976 | N9: =IFERROR((C9/B9)-1,0) -> -0.050128868 | O9: =IFERROR((F9/E9)-1,0) -> -0.039551072 | P9: =IFERROR((I9/H9)-1,0) -> -8.9346712e-05
A10: Lara Beauty | B10: 394.6837 | C10: 409.4967 | D10: 321.2635 | E10: 18974.913 | F10: 19732.122 | G10: 15809.17 | H10: 0.60383046 | I10: 0.67133093 | J10: 0.6803564 | K10: 1125.4439 | L10: 54516.206 | M10: 0.65183926 | N10: =IFERROR((C10/B10)-1,0) -> 0.037531319 | O10: =IFERROR((F10/E10)-1,0) -> 0.0399058 | P10: =IFERROR((I10/H10)-1,0) -> 0.11178713
A11: LifeChem | B11: 332.0166 | C11: 406.0936 | D11: 185.5048 | E11: 9811.9589 | F11: 12002.149 | G11: 5143.8027 | H11: 0.234688 | I11: 0.16843793 | J11: 0.14433615 | K11: 923.615 | L11: 26957.911 | M11: 0.18248736 | N11: =IFERROR((C11/B11)-1,0) -> 0.22311234 | O11: =IFERROR((F11/E11)-1,0) -> 0.22321639 | P11: =IFERROR((I11/H11)-1,0) -> -0.28228998
A12: LovelyCo | B12: 466.3151 | C12: 321.9938 | D12: 119.9309 | E12: 27928.057 | F12: 19049.502 | G12: 6464.4499 | H12: 0.20476726 | I12: 0.22479619 | J12: 0.16924243 | K12: 908.2398 | L12: 53442.009 | M12: 0.19960196 | N12: =IFERROR((C12/B12)-1,0) -> -0.30949309 | O12: =IFERROR((F12/E12)-1,0) -> -0.31790806 | P12: =IFERROR((I12/H12)-1,0) -> 0.097813121
A13: Giga S.A. | B13: 336.5157 | C13: 318.6227 | D13: 125.7655 | E13: 10227.005 | F13: 9928.9133 | G13: 3640.5187 | H13: 0.51165192 | I13: 0.41377931 | J13: 0.38910625 | K13: 780.9039 | L13: 23796.437 | M13: 0.43817916 | N13: =IFERROR((C13/B13)-1,0) -> -0.053171368 | O13: =IFERROR((F13/E13)-1,0) -> -0.029147554 | P13: =IFERROR((I13/H13)-1,0) -> -0.19128748
A14: CleanHarper | B14: 230.7483 | C14: 302.0658 | D14: 144.0024 | E14: 11792.665 | F14: 15544.818 | G14: 7126.6585 | H14: 0.03860304 | I14: 0.3220751 | J14: 0.31659002 | K14: 676.8165 | L14: 34464.142 | M14: 0.22575605 | N14: =IFERROR((C14/B14)-1,0) -> 0.30907053 | O14: =IFERROR((F14/E14)-1,0) -> 0.31817678 | P14: =IFERROR((I14/H14)-1,0) -> 7.3432572
A15: CelticWind Ltd | B15: 220.2778 | C15: 271.9984 | D15: 141.2388 | E15: 1748.9224 | F15: 2358.5312 | G15: 1240.7413 | H15: 0.70351841 | I15: 0.65978193 | J15: 0.68063185 | K15: 633.515 | L15: 5348.1949 | M15: 0.68131073 | N15: =IFERROR((C15/B15)-1,0) -> 0.23479715 | O15: =IFERROR((F15/E15)-1,0) -> 0.34856252 | P15: =IFERROR((I15/H15)-1,0) -> -0.062168217
A16: ProStart 97 | B16: 192.723 | C16: 183.2434 | D16: 97.2096 | E16: 7900.9691 | F16: 6838.8454 | G16: 3264.5806 | H16: 0.024392324 | I16: 0.026794494 | J16: 0.029777056 | K16: 473.176 | L16: 18004.395 | M16: 0.026987958 | N16: =IFERROR((C16/B16)-1,0) -> -0.049187694 | O16: =IFERROR((F16/E16)-1,0) -> -0.13442955 | P16: =IFERROR((I16/H16)-1,0) -> 0.098480549
A17: Kimberly Stone | B17: 168.5793 | C17: 187.8254 | D17: 100.9209 | E17: 4051.7897 | F17: 4420.8852 | G17: 2421.1073 | H17: 0.2484275 | I17: 0.20654952 | J17: 0.20987569 | K17: 457.3256 | L17: 10893.782 | M17: 0.22161757 | N17: =IFERROR((C17/B17)-1,0) -> 0.11416645 | O17: =IFERROR((F17/E17)-1,0) -> 0.091094437 | P17: =IFERROR((I17/H17)-1,0) -> -0.16857224
A18: Voyage Turkey | B18: 131.4905 | C18: 246.0711 | D18: 78.1818 | E18: 7528.2014 | F18: 14073.58 | G18: 4344.6674 | H18: 0.20668171 | I18: 0.14280447 | J18: 0.11116954 | K18: 455.7434 | L18: 25946.449 | M18: 0.15355191 | N18: =IFERROR((C18/B18)-1,0) -> 0.87139831 | O18: =IFERROR((F18/E18)-1,0) -> 0.86944787 | P18: =IFERROR((I18/H18)-1,0) -> -0.30906091
... A111: Grand Total | B111: 11880.159 | C111: 12264.847 | D111: 6590.0513 | E111: 470248.16 | F111: 475047.06 | G111: 239949.4 | H111: 18.113785 | I111: 16.276822 | J111: 13.314822 | K111: 30735.058 | L111: 1185244.6 | M111: 15.90181 | N111: =IFERROR((C111/B111)-1,0) -> 0.032380754 | O111: =IFERROR((F111/E111)-1,0) -> 0.010205036 | P111: =IFERROR((I111/H111)-1,0) -> -0.10141242

Sheet cleaned data
A1: Product | B1: Manufacturer | C1: Brand | D1: Package Type | E1: Protection | F1: Package Size | G1: Value(1000$) 2022 | H1: Value(1000$) 2023 | I1: Value(1000$) 2024 | J1: Volume(1000) 2022 | K1: Volume(1000) 2023 | L1: Volume(1000) 2024 | M1: Average Price(2022) | N1: Average Price(2023) | O1: Average Price(2024) | P1: sum of value 22-24 | Q1: sum of value 22-242 | R1: sum of value 22-243
A2: BABY2000 CAMOMILLA W 20 BAG ABA SRL | B2: Nova Garbagnate | C2: BABY 2000 (Nova Garbagnate) | D2: BAGS | E2: WITHOUT EXTRA PROTECTCARE INDICATION | F2: =IF('Working Sheet'!B6="ITEM",'Working Sheet'!E6,"") -> 20 | G2: =IF('Working Sheet'!B6="ITEM",'Working Sheet'!F6,"") -> 1.935 | H2: =IF('Working Sheet'!B6="ITEM",'Working Sheet'!G6,"") -> 0.624 | I2: =IF('Working Sheet'!B6="ITEM",'Working Sheet'!H6,"") -> 0 | J2: =IF('Working Sheet'!B6="ITEM",'Working Sheet'!I6,"") -> 24.8229 | K2: =IF('Working Sheet'!B6="ITEM",'Working Sheet'!J6,"") -> 9.4086 | L2: =IF('Working Sheet'!B6="ITEM",'Working Sheet'!K6,"") -> 0 | M2: =IFERROR(Table2[[#This Row],[Value(1000$) 2022]]/Table2[[#This Row],[Volume(1000) 2022]],0) -> 0.077952213 | N2: =IFERROR(Table2[[#This Row],[Value(1000$) 2023]]/Table2[[#This Row],[Volume(1000) 2023]],0) -> 0.066322301 | O2: =IFERROR(Table2[[#This Row],[Value(1000$) 2024]]/Table2[[#This Row],[Volume(1000) 2024]],0) -> 0 | P2: =SUM(Table2[[#This Row],[Value(1000$) 2022]:[Value(1000$) 2024]]) -> 2.559 | Q2: =SUM(Table2[[#This Row],[Volume(1000) 2022]:[Volume(1000) 2024]]) -> 34.2315 | R2: =AVERAGE(Table2[[#This Row],[Average Price(2022)]:[Average Price(2024)]]) -> 0.048091505
A3: BAMBO NATURE W 10 BAG | B3: BeneCare | C3: BAMBO (BeneCare) | D3: BAGS | E3: WITHOUT EXTRA PROTECTCARE INDICATION | F3: =IF('Working Sheet'!B9="ITEM",'Working Sheet'!E9,"") -> 10 | G3: =IF('Working Sheet'!B9="ITEM",'Working Sheet'!F9,"") -> 0 | H3: =IF('Working Sheet'!B9="ITEM",'Working Sheet'!G9,"") -> 0 | I3: =IF('Working Sheet'!B9="ITEM",'Working Sheet'!H9,"") -> 0 | J3: =IF('Working Sheet'!B9="ITEM",'Working Sheet'!I9,"") -> 0 | K3: =IF('Working Sheet'!B9="ITEM",'Working Sheet'!J9,"") -> 0 | L3: =IF('Working Sheet'!B9="ITEM",'Working Sheet'!K9,"") -> 0 | M3: =IFERROR(Table2[[#This Row],[Value(1000$) 2022]]/Table2[[#This Row],[Volume(1000) 2022]],0) -> 0 | N3: =IFERROR(Table2[[#This Row],[Value(1000$) 2023]]/Table2[[#This Row],[Volume(1000) 2023]],0) -> 0 | O3: =IFERROR(Table2[[#This Row],[Value(1000$) 2024]]/Table2[[#This Row],[Volume(1000) 2024]],0) -> 0 | P3: =SUM(Table2[[#This Row],[Value(1000$) 2022]:[Value(1000$) 2024]]) -> 0 | Q3: =SUM(Table2[[#This Row],[Volume(1000) 2022]:[Volume(1000) 2024]]) -> 0 | R3: =AVERAGE(Table2[[#This Row],[Average Price(2022)]:[Average Price(2024)]]) -> 0
A4: BAMBO NATURE W 50 BAG | B4: BeneCare | C4: BAMBO (BeneCare) | D4: BAGS | E4: WITHOUT EXTRA PROTECTCARE INDICATION | F4: =IF('Working Sheet'!B10="ITEM",'Working Sheet'!E10,"") -> 50 | G4: =IF('Working Sheet'!B10="ITEM",'Working Sheet'!F10,"") -> 0 | H4: =IF('Working Sheet'!B10="ITEM",'Working Sheet'!G10,"") -> 0 | I4: =IF('Working Sheet'!B10="ITEM",'Working Sheet'!H10,"") -> 0 | J4: =IF('Working Sheet'!B10="ITEM",'Working Sheet'!I10,"") -> 0 | K4: =IF('Working Sheet'!B10="ITEM",'Working Sheet'!J10,"") -> 0 | L4: =IF('Working Sheet'!B10="ITEM",'Working Sheet'!K10,"") -> 0 | M4: =IFERROR(Table2[[#This Row],[Value(1000$) 2022]]/Table2[[#This Row],[Volume(1000) 2022]],0) -> 0 | N4: =IFERROR(Table2[[#This Row],[Value(1000$) 2023]]/Table2[[#This Row],[Volume(1000) 2023]],0) -> 0 | O4: =IFERROR(Table2[[#This Row],[Value(1000$) 2024]]/Table2[[#This Row],[Volume(1000) 2024]],0) -> 0 | P4: =SUM(Table2[[#This Row],[Value(1000$) 2022]:[Value(1000$) 2024]]) -> 0 | Q4: =SUM(Table2[[#This Row],[Volume(1000) 2022]:[Volume(1000) 2024]]) -> 0 | R4: =AVERAGE(Table2[[#This Row],[Average Price(2022)]:[Average Price(2024)]]) -> 0
A5: BAMBO NATURE 0%PERFUME W 80 BAG | B5: BeneCare | C5: BAMBO (BeneCare) | D5: BAGS | E5: WITHOUT EXTRA PROTECTCARE INDICATION | F5: =IF('Working Sheet'!B11="ITEM",'Working Sheet'!E11,"") -> 80 | G5: =IF('Working Sheet'!B11="ITEM",'Working Sheet'!F11,"") -> 0 | H5: =IF('Working Sheet'!B11="ITEM",'Working Sheet'!G11,"") -> 0 | I5: =IF('Working Sheet'!B11="ITEM",'Working Sheet'!H11,"") -> 0 | J5: =IF('Working Sheet'!B11="ITEM",'Working Sheet'!I11,"") -> 0 | K5: =IF('Working Sheet'!B11="ITEM",'Working Sheet'!J11,"") -> 0 | L5: =IF('Working Sheet'!B11="ITEM",'Working Sheet'!K11,"") -> 0 | M5: =IFERROR(Table2[[#This Row],[Value(1000$) 2022]]/Table2[[#This Row],[Volume(1000) 2022]],0) -> 0 | N5: =IFERROR(Table2[[#This Row],[Value(1000$) 2023]]/Table2[[#This Row],[Volume(1000) 2023]],0) -> 0 | O5: =IFERROR(Table2[[#This Row],[Value(1000$) 2024]]/Table2[[#This Row],[Volume(1000) 2024]],0) -> 0 | P5: =SUM(Table2[[#This Row],[Value(1000$) 2022]:[Value(1000$) 2024]]) -> 0 | Q5: =SUM(Table2[[#This Row],[Volume(1000) 2022]:[Volume(1000) 2024]]) -> 0 | R5: =AVERAGE(Table2[[#This Row],[Average Price(2022)]:[Average Price(2024)]]) -> 0
A6: BAMBO NATURE W 80 BAG KAPAK | B6: BeneCare | C6: BAMBO (BeneCare) | D6: BAGS | E6: WITHOUT EXTRA PROTECTCARE INDICATION | F6: =IF('Working Sheet'!B12="ITEM",'Working Sheet'!E12,"") -> 80 | G6: =IF('Working Sheet'!B12="ITEM",'Working Sheet'!F12,"") -> 0.0109 | H6: =IF('Working Sheet'!B12="ITEM",'Working Sheet'!G12,"") -> 0 | I6: =IF('Working Sheet'!B12="ITEM",'Working Sheet'!H12,"") -> 0 | J6: =IF('Working Sheet'!B12="ITEM",'Working Sheet'!I12,"") -> 0.16 | K6: =IF('Working Sheet'!B12="ITEM",'Working Sheet'!J12,"") -> 0 | L6: =IF('Working Sheet'!B12="ITEM",'Working Sheet'!K12,"") -> 0 | M6: =IFERROR(Table2[[#This Row],[Value(1000$) 2022]]/Table2[[#This Row],[Volume(1000) 2022]],0) -> 0.068125 | N6: =IFERROR(Table2[[#This Row],[Value(1000$) 2023]]/Table2[[#This Row],[Volume(1000) 2023]],0) -> 0 | O6: =IFERROR(Table2[[#This Row],[Value(1000$) 2024]]/Table2[[#This Row],[Volume(1000) 2024]],0) -> 0 | P6: =SUM(Table2[[#This Row],[Value(1000$) 2022]:[Value(1000$) 2024]]) -> 0.0109 | Q6: =SUM(Table2[[#This Row],[Volume(1000) 2022]:[Volume(1000) 2024]]) -> 0.16 | R6: =AVERAGE(Table2[[#This Row],[Average Price(2022)]:[Average Price(2024)]]) -> 0.022708333
A7: BABY CREMA PLAY TIME CAMOMILE W 100 PINK | B7: VigaLife | C7: BABY CREMA (VigaLife) | D7: BAGS | E7: PH BALANCED | F7: =IF('Working Sheet'!B15="ITEM",'Working Sheet'!E15,"") -> 100 | G7: =IF('Working Sheet'!B15="ITEM",'Working Sheet'!F15,"") -> 81.4674 | H7: =IF('Working Sheet'!B15="ITEM",'Working Sheet'!G15,"") -> 92.903 | I7: =IF('Working Sheet'!B15="ITEM",'Working Sheet'!H15,"") -> 52.5119 | J7: =IF('Working Sheet'!B15="ITEM",'Working Sheet'!I15,"") -> 2980.7043 | K7: =IF('Working Sheet'!B15="ITEM",'Working Sheet'!J15,"") -> 3415.3554 | L7: =IF('Working Sheet'!B15="ITEM",'Working Sheet'!K15,"") -> 1823.0734 | M7: =IFERROR(Table2[[#This Row],[Value(1000$) 2022]]/Table2[[#This Row],[Volume(1000) 2022]],0) -> 0.027331594 | N7: =IFERROR(Table2[[#This Row],[Value(1000$) 2023]]/Table2[[#This Row],[Volume(1000) 2023]],0) -> 0.027201562 | O7: =IFERROR(Table2[[#This Row],[Value(1000$) 2024]]/Table2[[#This Row],[Volume(1000) 2024]],0) -> 0.028804051 | P7: =SUM(Table2[[#This Row],[Value(1000$) 2022]:[Value(1000$) 2024]]) -> 226.8823 | Q7: =SUM(Table2[[#This Row],[Volume(1000) 2022]:[Volume(1000) 2024]]) -> 8219.1331 | R7: =AVERAGE(Table2[[#This Row],[Average Price(2022)]:[Average Price(2024)]]) -> 0.027779069
A8: BABYCREMA PLAYTIME CAMOMILE W 100 ORANGE | B8: VigaLife | C8: BABY CREMA (VigaLife) | D8: BAGS | E8: PH BALANCED | F8: =IF('Working Sheet'!B16="ITEM",'Working Sheet'!E16,"") -> 100 | G8: =IF('Working Sheet'!B16="ITEM",'Working Sheet'!F16,"") -> 165.228 | H8: =IF('Working Sheet'!B16="ITEM",'Working Sheet'!G16,"") -> 172.6843 | I8: =IF('Working Sheet'!B16="ITEM",'Working Sheet'!H16,"") -> 91.1357 | J8: =IF('Working Sheet'!B16="ITEM",'Working Sheet'!I16,"") -> 5930.9056 | K8: =IF('Working Sheet'!B16="ITEM",'Working Sheet'!J16,"") -> 6183.6273 | L8: =IF('Working Sheet'!B16="ITEM",'Working Sheet'!K16,"") -> 3125.7987 | M8: =IFERROR(Table2[[#This Row],[Value(1000$) 2022]]/Table2[[#This Row],[Volume(1000) 2022]],0) -> 0.027858815 | N8: =IFERROR(Table2[[#This Row],[Value(1000$) 2023]]/Table2[[#This Row],[Volume(1000) 2023]],0) -> 0.027926052 | O8: =IFERROR(Table2[[#This Row],[Value(1000$) 2024]]/Table2[[#This Row],[Volume(1000) 2024]],0) -> 0.029155972 | P8: =SUM(Table2[[#This Row],[Value(1000$) 2022]:[Value(1000$) 2024]]) -> 429.048 | Q8: =SUM(Table2[[#This Row],[Volume(1000) 2022]:[Volume(1000) 2024]]) -> 15240.332 | R8: =AVERAGE(Table2[[#This Row],[Average Price(2022)]:[Average Price(2024)]]) -> 0.028313613
A9: BABY CREMA CAMOMIL W 120 BAG KAPAK | B9: VigaLife | C9: BABY CREMA (VigaLife) | D9: BAGS | E9: PH BALANCED | F9: =IF('Working Sheet'!B17="ITEM",'Working Sheet'!E17,"") -> 120 | G9: =IF('Working Sheet'!B17="ITEM",'Working Sheet'!F17,"") -> 842.8724 | H9: =IF('Working Sheet'!B17="ITEM",'Working Sheet'!G17,"") -> 745.3358 | I9: =IF('Working Sheet'!B17="ITEM",'Working Sheet'!H17,"") -> 366.9589 | J9: =IF('Working Sheet'!B17="ITEM",'Working Sheet'!I17,"") -> 38888.54 | K9: =IF('Working Sheet'!B17="ITEM",'Working Sheet'!J17,"") -> 31985 | L9: =IF('Working Sheet'!B17="ITEM",'Working Sheet'!K17,"") -> 14135.173 | M9: =IFERROR(Table2[[#This Row],[Value(1000$) 2022]]/Table2[[#This Row],[Volume(1000) 2022]],0) -> 0.021674056 | N9: =IFERROR(Table2[[#This Row],[Value(1000$) 2023]]/Table2[[#This Row],[Volume(1000) 2023]],0) -> 0.023302667 | O9: =IFERROR(Table2[[#This Row],[Value(1000$) 2024]]/Table2[[#This Row],[Volume(1000) 2024]],0) -> 0.025960694 | P9: =SUM(Table2[[#This Row],[Value(1000$) 2022]:[Value(1000$) 2024]]) -> 1955.1671 | Q9: =SUM(Table2[[#This Row],[Volume(1000) 2022]:[Volume(1000) 2024]]) -> 85008.713 | R9: =AVERAGE(Table2[[#This Row],[Average Price(2022)]:[Average Price(2024)]]) -> 0.023645806
A10: BABY CREMA ALOE 15 BAG | B10: VigaLife | C10: BABY CREMA (VigaLife) | D10: BAGS | E10: WITHOUT EXTRA PROTECTCARE INDICATION | F10: =IF('Working Sheet'!B18="ITEM",'Working Sheet'!E18,"") -> 15 | G10: =IF('Working Sheet'!B18="ITEM",'Working Sheet'!F18,"") -> 12.7748 | H10: =IF('Working Sheet'!B18="ITEM",'Working Sheet'!G18,"") -> 10.866 | I10: =IF('Working Sheet'!B18="ITEM",'Working Sheet'!H18,"") -> 6.7743 | J10: =IF('Working Sheet'!B18="ITEM",'Working Sheet'!I18,"") -> 151.2668 | K10: =IF('Working Sheet'!B18="ITEM",'Working Sheet'!J18,"") -> 127.1868 | L10: =IF('Working Sheet'!B18="ITEM",'Working Sheet'!K18,"") -> 77.4594 | M10: =IFERROR(Table2[[#This Row],[Value(1000$) 2022]]/Table2[[#This Row],[Volume(1000) 2022]],0) -> 0.084452107 | N10: =IFERROR(Table2[[#This Row],[Value(1000$) 2023]]/Table2[[#This Row],[Volume(1000) 2023]],0) -> 0.085433394 | O10: =IFERROR(Table2[[#This Row],[Value(1000$) 2024]]/Table2[[#This Row],[Volume(1000) 2024]],0) -> 0.087456138 | P10: =SUM(Table2[[#This Row],[Value(1000$) 2022]:[Value(1000$) 2024]]) -> 30.4151 | Q10: =SUM(Table2[[#This Row],[Volume(1000) 2022]:[Volume(1000) 2024]]) -> 355.913 | R10: =AVERAGE(Table2[[#This Row],[Average Price(2022)]:[Average Price(2024)]]) -> 0.085780546
A11: BABY CREMA CAMOMIL W 15 BAG | B11: VigaLife | C11: BABY CREMA (VigaLife) | D11: BAGS | E11: WITHOUT EXTRA PROTECTCARE INDICATION | F11: =IF('Working Sheet'!B19="ITEM",'Working Sheet'!E19,"") -> 15 | G11: =IF('Working Sheet'!B19="ITEM",'Working Sheet'!F19,"") -> 20.0553 | H11: =IF('Working Sheet'!B19="ITEM",'Working Sheet'!G19,"") -> 17.8361 | I11: =IF('Working Sheet'!B19="ITEM",'Working Sheet'!H19,"") -> 11.1871 | J11: =IF('Working Sheet'!B19="ITEM",'Working Sheet'!I19,"") -> 231.0878 | K11: =IF('Working Sheet'!B19="ITEM",'Working Sheet'!J19,"") -> 217.7118 | L11: =IF('Working Sheet'!B19="ITEM",'Working Sheet'!K19,"") -> 141.008 | M11: =IFERROR(Table2[[#This Row],[Value(1000$) 2022]]/Table2[[#This Row],[Volume(1000) 2022]],0) -> 0.086786494 | N11: =IFERROR(Table2[[#This Row],[Value(1000$) 2023]]/Table2[[#This Row],[Volume(1000) 2023]],0) -> 0.081925279 | O11: =IFERROR(Table2[[#This Row],[Value(1000$) 2024]]/Table2[[#This Row],[Volume(1000) 2024]],0) -> 0.079336633 | P11: =SUM(Table2[[#This Row],[Value(1000$) 2022]:[Value(1000$) 2024]]) -> 49.0785 | Q11: =SUM(Table2[[#This Row],[Volume(1000) 2022]:[Volume(1000) 2024]]) -> 589.8076 | R11: =AVERAGE(Table2[[#This Row],[Average Price(2022)]:[Average Price(2024)]]) -> 0.082682802
A12: BABY CREMA PH5.5 W 3X15/1FR BAG &&& | B12: VigaLife | C12: BABY CREMA (VigaLife) | D12: BAGS | E12: PH BALANCED | F12: =IF('Working Sheet'!B20="ITEM",'Working Sheet'!E20,"") -> 15 | G12: =IF('Working Sheet'!B20="ITEM",'Working Sheet'!F20,"") -> 1.2461 | H12: =IF('Working Sheet'!B20="ITEM",'Working Sheet'!G20,"") -> 7.7651 | I12: =IF('Working Sheet'!B20="ITEM",'Working Sheet'!H20,"") -> 2.2378 | J12: =IF('Working Sheet'!B20="ITEM",'Working Sheet'!I20,"") -> 20.9609 | K12: =IF('Working Sheet'!B20="ITEM",'Working Sheet'!J20,"") -> 127.6666 | L12: =IF('Working Sheet'!B20="ITEM",'Working Sheet'!K20,"") -> 33.571 | M12: =IFERROR(Table2[[#This Row],[Value(1000$) 2022]]/Table2[[#This Row],[Volume(1000) 2022]],0) -> 0.059448783 | N12: =IFERROR(Table2[[#This Row],[Value(1000$) 2023]]/Table2[[#This Row],[Volume(1000) 2023]],0) -> 0.060823269 | O12: =IFERROR(Table2[[#This Row],[Value(1000$) 2024]]/Table2[[#This Row],[Volume(1000) 2024]],0) -> 0.066658723 | P12: =SUM(Table2[[#This Row],[Value(1000$) 2022]:[Value(1000$) 2024]]) -> 11.249 | Q12: =SUM(Table2[[#This Row],[Volume(1000) 2022]:[Volume(1000) 2024]]) -> 182.1985 | R12: =AVERAGE(Table2[[#This Row],[Average Price(2022)]:[Average Price(2024)]]) -> 0.062310259
A13: BABY CREMA WATER 99% W 15 BAG | B13: VigaLife | C13: BABY CREMA (VigaLife) | D13: BAGS | E13: ALCOHOL FREE | F13: =IF('Working Sheet'!B21="ITEM",'Working Sheet'!E21,"") -> 15 | G13: =IF('Working Sheet'!B21="ITEM",'Working Sheet'!F21,"") -> 9.6472 | H13: =IF('Working Sheet'!B21="ITEM",'Working Sheet'!G21,"") -> 10.7577 | I13: =IF('Working Sheet'!B21="ITEM",'Working Sheet'!H21,"") -> 7.0723 | J13: =IF('Working Sheet'!B21="ITEM",'Working Sheet'!I21,"") -> 112.2061 | K13: =IF('Working Sheet'!B21="ITEM",'Working Sheet'!J21,"") -> 131.0528 | L13: =IF('Working Sheet'!B21="ITEM",'Working Sheet'!K21,"") -> 85.7198 | M13: =IFERROR(Table2[[#This Row],[Value(1000$) 2022]]/Table2[[#This Row],[Volume(1000) 2022]],0) -> 0.0859775 | N13: =IFERROR(Table2[[#This Row],[Value(1000$) 2023]]/Table2[[#This Row],[Volume(1000) 2023]],0) -> 0.082086762 | O13: =IFERROR(Table2[[#This Row],[Value(1000$) 2024]]/Table2[[#This Row],[Volume(1000) 2024]],0) -> 0.082504859 | P13: =SUM(Table2[[#This Row],[Value(1000$) 2022]:[Value(1000$) 2024]]) -> 27.4772 | Q13: =SUM(Table2[[#This Row],[Volume(1000) 2022]:[Volume(1000) 2024]]) -> 328.9787 | R13: =AVERAGE(Table2[[#This Row],[Average Price(2022)]:[Average Price(2024)]]) -> 0.08352304
A14: BABY CREMA CAMOMIL W 40 BAG | B14: VigaLife | C14: BABY CREMA (VigaLife) | D14: BAGS | E14: WITHOUT EXTRA PROTECTCARE INDICATION | F14: =IF('Working Sheet'!B22="ITEM",'Working Sheet'!E22,"") -> 40 | G14: =IF('Working Sheet'!B22="ITEM",'Working Sheet'!F22,"") -> 0.1235 | H14: =IF('Working Sheet'!B22="ITEM",'Working Sheet'!G22,"") -> 0 | I14: =IF('Working Sheet'!B22="ITEM",'Working Sheet'!H22,"") -> 0 | J14: =IF('Working Sheet'!B22="ITEM",'Working Sheet'!I22,"") -> 2.28 | K14: =IF('Working Sheet'!B22="ITEM",'Working Sheet'!J22,"") -> 0 | L14: =IF('Working Sheet'!B22="ITEM",'Working Sheet'!K22,"") -> 0 | M14: =IFERROR(Table2[[#This Row],[Value(1000$) 2022]]/Table2[[#This Row],[Volume(1000) 2022]],0) -> 0.054166667 | N14: =IFERROR(Table2[[#This Row],[Value(1000$) 2023]]/Table2[[#This Row],[Volume(1000) 2023]],0) -> 0 | O14: =IFERROR(Table2[[#This Row],[Value(1000$) 2024]]/Table2[[#This Row],[Volume(1000) 2024]],0) -> 0 | P14: =SUM(Table2[[#This Row],[Value(1000$) 2022]:[Value(1000$) 2024]]) -> 0.1235 | Q14: =SUM(Table2[[#This Row],[Volume(1000) 2022]:[Volume(1000) 2024]]) -> 2.28 | R14: =AVERAGE(Table2[[#This Row],[Average Price(2022)]:[Average Price(2024)]]) -> 0.018055556
A15: BABY CREMA COTTON&PANTENOL W 4X56 BAG | B15: VigaLife | C15: BABY CREMA (VigaLife) | D15: BAGS | E15: PH BALANCED | F15: =IF('Working Sheet'!B23="ITEM",'Working Sheet'!E23,"") -> 56 | G15: =IF('Working Sheet'!B23="ITEM",'Working Sheet'!F23,"") -> 0 | H15: =IF('Working Sheet'!B23="ITEM",'Working Sheet'!G23,"") -> 0 | I15: =IF('Working Sheet'!B23="ITEM",'Working Sheet'!H23,"") -> 7.1128 | J15: =IF('Working Sheet'!B23="ITEM",'Working Sheet'!I23,"") -> 0 | K15: =IF('Working Sheet'!B23="ITEM",'Working Sheet'!J23,"") -> 0 | L15: =IF('Working Sheet'!B23="ITEM",'Working Sheet'!K23,"") -> 247.099 | M15: =IFERROR(Table2[[#This Row],[Value(1000$) 2022]]/Table2[[#This Row],[Volume(1000) 2022]],0) -> 0 | N15: =IFERROR(Table2[[#This Row],[Value(1000$) 2023]]/Table2[[#This Row],[Volume(1000) 2023]],0) -> 0 | O15: =IFERROR(Table2[[#This Row],[Value(1000$) 2024]]/Table2[[#This Row],[Volume(1000) 2024]],0) -> 0.028785224 | P15: =SUM(Table2[[#This Row],[Value(1000$) 2022]:[Value(1000$) 2024]]) -> 7.1128 | Q15: =SUM(Table2[[#This Row],[Volume(1000) 2022]:[Volume(1000) 2024]]) -> 247.099 | R15: =AVERAGE(Table2[[#This Row],[Average Price(2022)]:[Average Price(2024)]]) -> 0.0095950746
A16: BABY CREMA COTTON&PANTENOL W 56 BAG | B16: VigaLife | C16: BABY CREMA (VigaLife) | D16: BAGS | E16: PH BALANCED | F16: =IF('Working Sheet'!B24="ITEM",'Working Sheet'!E24,"") -> 56 | G16: =IF('Working Sheet'!B24="ITEM",'Working Sheet'!F24,"") -> 0.1831 | H16: =IF('Working Sheet'!B24="ITEM",'Working Sheet'!G24,"") -> 0.1116 | I16: =IF('Working Sheet'!B24="ITEM",'Working Sheet'!H24,"") -> 0.387 | J16: =IF('Working Sheet'!B24="ITEM",'Working Sheet'!I24,"") -> 5.8885 | K16: =IF('Working Sheet'!B24="ITEM",'Working Sheet'!J24,"") -> 3.791 | L16: =IF('Working Sheet'!B24="ITEM",'Working Sheet'!K24,"") -> 14.3827 | M16: =IFERROR(Table2[[#This Row],[Value(1000$) 2022]]/Table2[[#This Row],[Volume(1000) 2022]],0) -> 0.031094506 | N16: =IFERROR(Table2[[#This Row],[Value(1000$) 2023]]/Table2[[#This Row],[Volume(1000) 2023]],0) -> 0.029438143 | O16: =IFERROR(Table2[[#This Row],[Value(1000$) 2024]]/Table2[[#This Row],[Volume(1000) 2024]],0) -> 0.026907326 | P16: =SUM(Table2[[#This Row],[Value(1000$) 2022]:[Value(1000$) 2024]]) -> 0.6817 | Q16: =SUM(Table2[[#This Row],[Volume(1000) 2022]:[Volume(1000) 2024]]) -> 24.0622 | R16: =AVERAGE(Table2[[#This Row],[Average Price(2022)]:[Average Price(2024)]]) -> 0.029146658
A17: BABY CREMA ALOE 64 BAG | B17: VigaLife | C17: BABY CREMA (VigaLife) | D17: BAGS | E17: WITHOUT EXTRA PROTECTCARE INDICATION | F17: =IF('Working Sheet'!B25="ITEM",'Working Sheet'!E25,"") -> 64 | G17: =IF('Working Sheet'!B25="ITEM",'Working Sheet'!F25,"") -> 1.8939 | H17: =IF('Working Sheet'!B25="ITEM",'Working Sheet'!G25,"") -> 0 | I17: =IF('Working Sheet'!B25="ITEM",'Working Sheet'!H25,"") -> 0.2252 | J17: =IF('Working Sheet'!B25="ITEM",'Working Sheet'!I25,"") -> 49.9726 | K17: =IF('Working Sheet'!B25="ITEM",'Working Sheet'!J25,"") -> 0 | L17: =IF('Working Sheet'!B25="ITEM",'Working Sheet'!K25,"") -> 6.9501 | M17: =IFERROR(Table2[[#This Row],[Value(1000$) 2022]]/Table2[[#This Row],[Volume(1000) 2022]],0) -> 0.037898769 | N17: =IFERROR(Table2[[#This Row],[Value(1000$) 2023]]/Table2[[#This Row],[Volume(1000) 2023]],0) -> 0 | O17: =IFERROR(Table2[[#This Row],[Value(1000$) 2024]]/Table2[[#This Row],[Volume(1000) 2024]],0) -> 0.032402411 | P17: =SUM(Table2[[#This Row],[Value(1000$) 2022]:[Value(1000$) 2024]]) -> 2.1191 | Q17: =SUM(Table2[[#This Row],[Volume(1000) 2022]:[Volume(1000) 2024]]) -> 56.9227 | R17: =AVERAGE(Table2[[#This Row],[Average Price(2022)]:[Average Price(2024)]]) -> 0.023433727
A18: BABY CREMA CAMOMIL W 64 BAG | B18: VigaLife | C18: BABY CREMA (VigaLife) | D18: BAGS | E18: WITHOUT EXTRA PROTECTCARE INDICATION | F18: =IF('Working Sheet'!B26="ITEM",'Working Sheet'!E26,"") -> 64 | G18: =IF('Working Sheet'!B26="ITEM",'Working Sheet'!F26,"") -> 1.3515 | H18: =IF('Working Sheet'!B26="ITEM",'Working Sheet'!G26,"") -> 0.0017 | I18: =IF('Working Sheet'!B26="ITEM",'Working Sheet'!H26,"") -> 0 | J18: =IF('Working Sheet'!B26="ITEM",'Working Sheet'!I26,"") -> 37.3226 | K18: =IF('Working Sheet'!B26="ITEM",'Working Sheet'!J26,"") -> 0.064 | L18: =IF('Working Sheet'!B26="ITEM",'Working Sheet'!K26,"") -> 0 | M18: =IFERROR(Table2[[#This Row],[Value(1000$) 2022]]/Table2[[#This Row],[Volume(1000) 2022]],0) -> 0.036211304 | N18: =IFERROR(Table2[[#This Row],[Value(1000$) 2023]]/Table2[[#This Row],[Volume(1000) 2023]],0) -> 0.0265625 | O18: =IFERROR(Table2[[#This Row],[Value(1000$) 2024]]/Table2[[#This Row],[Volume(1000) 2024]],0) -> 0 | P18: =SUM(Table2[[#This Row],[Value(1000$) 2022]:[Value(1000$) 2024]]) -> 1.3532 | Q18: =SUM(Table2[[#This Row],[Volume(1000) 2022]:[Volume(1000) 2024]]) -> 37.3866 | R18: =AVERAGE(Table2[[#This Row],[Average Price(2022)]:[Average Price(2024)]]) -> 0.020924601
... A32: BABY CREMA CAMOMIL W 80 BAG | B32: VigaLife | C32: BABY CREMA (VigaLife) | D32: BAGS | E32: WITHOUT EXTRA PROTECTCARE INDICATION | F32: =IF('Working Sheet'!B40="ITEM",'Working Sheet'!E40,"") -> 80 | G32: =IF('Working Sheet'!B40="ITEM",'Working Sheet'!F40,"") -> 61.9819 | H32: =IF('Working Sheet'!B40="ITEM",'Working Sheet'!G40,"") -> 56.9702 | I32: =IF('Working Sheet'!B40="ITEM",'Working Sheet'!H40,"") -> 23.8948 | J32: =IF('Working Sheet'!B40="ITEM",'Working Sheet'!I40,"") -> 1524.2099 | K32: =IF('Working Sheet'!B40="ITEM",'Working Sheet'!J40,"") -> 1404.4859 | L32: =IF('Working Sheet'!B40="ITEM",'Working Sheet'!K40,"") -> 554.6842 | M32: =IFERROR(Table2[[#This Row],[Value(1000$) 2022]]/Table2[[#This Row],[Volume(1000) 2022]],0) -> 0.040664937 | N32: =IFERROR(Table2[[#This Row],[Value(1000$) 2023]]/Table2[[#This Row],[Volume(1000) 2023]],0) -> 0.040563027 | O32: =IFERROR(Table2[[#This Row],[Value(1000$) 2024]]/Table2[[#This Row],[Volume(1000) 2024]],0) -> 0.043078206 | P32: =SUM(Table2[[#This Row],[Value(1000$) 2022]:[Value(1000$) 2024]]) -> 142.8469 | Q32: =SUM(Table2[[#This Row],[Volume(1000) 2022]:[Volume(1000) 2024]]) -> 3483.38 | R32: =AVERAGE(Table2[[#This Row],[Average Price(2022)]:[Average Price(2024)]]) -> 0.04143539
A33: LINDY VITAMIN E PH5.5 W 120 BAG | B33: Intelligent Initiative | C33: LINDY (Intelligent Initiative) | D33: BAGS | E33: PH BALANCED | F33: =IF('Working Sheet'!B43="ITEM",'Working Sheet'!E43,"") -> 120 | G33: =IF('Working Sheet'!B43="ITEM",'Working Sheet'!F43,"") -> 78.228 | H33: =IF('Working Sheet'!B43="ITEM",'Working Sheet'!G43,"") -> 99.0305 | I33: =IF('Working Sheet'!B43="ITEM",'Working Sheet'!H43,"") -> 56.6741 | J33: =IF('Working Sheet'!B43="ITEM",'Working Sheet'!I43,"") -> 4816.5708 | K33: =IF('Working Sheet'!B43="ITEM",'Working Sheet'!J43,"") -> 5822.6244 | L33: =IF('Working Sheet'!B43="ITEM",'Working Sheet'!K43,"") -> 2923.4183 | M33: =IFERROR(Table2[[#This Row],[Value(1000$) 2022]]/Table2[[#This Row],[Volume(1000) 2022]],0) -> 0.016241431 | N33: =IFERROR(Table2[[#This Row],[Value(1000$) 2023]]/Table2[[#This Row],[Volume(1000) 2023]],0) -> 0.017007881 | O33: =IFERROR(Table2[[#This Row],[Value(1000$) 2024]]/Table2[[#This Row],[Volume(1000) 2024]],0) -> 0.019386244 | P33: =SUM(Table2[[#This Row],[Value(1000$) 2022]:[Value(1000$) 2024]]) -> 233.9326 | Q33: =SUM(Table2[[#This Row],[Volume(1000) 2022]:[Volume(1000) 2024]]) -> 13562.613 | R33: =AVERAGE(Table2[[#This Row],[Average Price(2022)]:[Average Price(2024)]]) -> 0.017545185
A34: LINDY ALOE VERA&VIT E W 64 BAG | B34: Intelligent Initiative | C34: LINDY (Intelligent Initiative) | D34: BAGS | E34: WITHOUT EXTRA PROTECTCARE INDICATION | F34: =IF('Working Sheet'!B44="ITEM",'Working Sheet'!E44,"") -> 64 | G34: =IF('Working Sheet'!B44="ITEM",'Working Sheet'!F44,"") -> 11.11 | H34: =IF('Working Sheet'!B44="ITEM",'Working Sheet'!G44,"") -> 8.9544 | I34: =IF('Working Sheet'!B44="ITEM",'Working Sheet'!H44,"") -> 2.2329 | J34: =IF('Working Sheet'!B44="ITEM",'Working Sheet'!I44,"") -> 523.1682 | K34: =IF('Working Sheet'!B44="ITEM",'Working Sheet'!J44,"") -> 387.3223 | L34: =IF('Working Sheet'!B44="ITEM",'Working Sheet'!K44,"") -> 84.4284 | M34: =IFERROR(Table2[[#This Row],[Value(1000$) 2022]]/Table2[[#This Row],[Volume(1000) 2022]],0) -> 0.021236 | N34: =IFERROR(Table2[[#This Row],[Value(1000$) 2023]]/Table2[[#This Row],[Volume(1000) 2023]],0) -> 0.023118731 | O34: =IFERROR(Table2[[#This Row],[Value(1000$) 2024]]/Table2[[#This Row],[Volume(1000) 2024]],0) -> 0.026447262 | P34: =SUM(Table2[[#This Row],[Value(1000$) 2022]:[Value(1000$) 2024]]) -> 22.2973 | Q34: =SUM(Table2[[#This Row],[Volume(1000) 2022]:[Volume(1000) 2024]]) -> 994.9189 | R34: =AVERAGE(Table2[[#This Row],[Average Price(2022)]:[Average Price(2024)]]) -> 0.023600664
A35: LINDY ALOE VERA&VIT E W 64 BAG KAPAK | B35: Intelligent Initiative | C35: LINDY (Intelligent Initiative) | D35: BAGS | E35: WITHOUT EXTRA PROTECTCARE INDICATION | F35: =IF('Working Sheet'!B45="ITEM",'Working Sheet'!E45,"") -> 64 | G35: =IF('Working Sheet'!B45="ITEM",'Working Sheet'!F45,"") -> 79.953 | H35: =IF('Working Sheet'!B45="ITEM",'Working Sheet'!G45,"") -> 73.7571 | I35: =IF('Working Sheet'!B45="ITEM",'Working Sheet'!H45,"") -> 40.3623 | J35: =IF('Working Sheet'!B45="ITEM",'Working Sheet'!I45,"") -> 3388.3482 | K35: =IF('Working Sheet'!B45="ITEM",'Working Sheet'!J45,"") -> 2840.8843 | L35: =IF('Working Sheet'!B45="ITEM",'Working Sheet'!K45,"") -> 1387.0689 | M35: =IFERROR(Table2[[#This Row],[Value(1000$) 2022]]/Table2[[#This Row],[Volume(1000) 2022]],0) -> 0.023596453 | N35: =IFERROR(Table2[[#This Row],[Value(1000$) 2023]]/Table2[[#This Row],[Volume(1000) 2023]],0) -> 0.025962726 | O35: =IFERROR(Table2[[#This Row],[Value(1000$) 2024]]/Table2[[#This Row],[Volume(1000) 2024]],0) -> 0.029098987 | P35: =SUM(Table2[[#This Row],[Value(1000$) 2022]:[Value(1000$) 2024]]) -> 194.0724 | Q35: =SUM(Table2[[#This Row],[Volume(1000) 2022]:[Volume(1000) 2024]]) -> 7616.3014 | R35: =AVERAGE(Table2[[#This Row],[Average Price(2022)]:[Average Price(2024)]]) -> 0.026219389
A36: LINDY CAMOMILE W 64 BAG | B36: Intelligent Initiative | C36: LINDY (Intelligent Initiative) | D36: BAGS | E36: WITHOUT EXTRA PROTECTCARE INDICATION | F36: =IF('Working Sheet'!B46="ITEM",'Working Sheet'!E46,"") -> 64 | G36: =IF('Working Sheet'!B46="ITEM",'Working Sheet'!F46,"") -> 12.195 | H36: =IF('Working Sheet'!B46="ITEM",'Working Sheet'!G46,"") -> 8.5598 | I36: =IF('Working Sheet'!B46="ITEM",'Working Sheet'!H46,"") -> 1.6517 | J36: =IF('Working Sheet'!B46="ITEM",'Working Sheet'!I46,"") -> 553.0388 | K36: =IF('Working Sheet'!B46="ITEM",'Working Sheet'!J46,"") -> 369.8305 | L36: =IF('Working Sheet'!B46="ITEM",'Working Sheet'!K46,"") -> 64.1001 | M36: =IFERROR(Table2[[#This Row],[Value(1000$) 2022]]/Table2[[#This Row],[Volume(1000) 2022]],0) -> 0.022050894 | N36: =IFERROR(Table2[[#This Row],[Value(1000$) 2023]]/Table2[[#This Row],[Volume(1000) 2023]],0) -> 0.023145198 | O36: =IFERROR(Table2[[#This Row],[Value(1000$) 2024]]/Table2[[#This Row],[Volume(1000) 2024]],0) -> 0.025767511 | P36: =SUM(Table2[[#This Row],[Value(1000$) 2022]:[Value(1000$) 2024]]) -> 22.4065 | Q36: =SUM(Table2[[#This Row],[Volume(1000) 2022]:[Volume(1000) 2024]]) -> 986.9694 | R36: =AVERAGE(Table2[[#This Row],[Average Price(2022)]:[Average Price(2024)]]) -> 0.023654534
A37: LINDY CAMOMILE W 64 BAG KAPAK | B37: Intelligent Initiative | C37: LINDY (Intelligent Initiative) | D37: BAGS | E37: WITHOUT EXTRA PROTECTCARE INDICATION | F37: =IF('Working Sheet'!B47="ITEM",'Working Sheet'!E47,"") -> 64 | G37: =IF('Working Sheet'!B47="ITEM",'Working Sheet'!F47,"") -> 60.5108 | H37: =IF('Working Sheet'!B47="ITEM",'Working Sheet'!G47,"") -> 52.406 | I37: =IF('Working Sheet'!B47="ITEM",'Working Sheet'!H47,"") -> 30.1228 | J37: =IF('Working Sheet'!B47="ITEM",'Working Sheet'!I47,"") -> 2540.1292 | K37: =IF('Working Sheet'!B47="ITEM",'Working Sheet'!J47,"") -> 2011.4869 | L37: =IF('Working Sheet'!B47="ITEM",'Working Sheet'!K47,"") -> 1066.0352 | M37: =IFERROR(Table2[[#This Row],[Value(1000$) 2022]]/Table2[[#This Row],[Volume(1000) 2022]],0) -> 0.023821938 | N37: =IFERROR(Table2[[#This Row],[Value(1000$) 2023]]/Table2[[#This Row],[Volume(1000) 2023]],0) -> 0.026053364 | O37: =IFERROR(Table2[[#This Row],[Value(1000$) 2024]]/Table2[[#This Row],[Volume(1000) 2024]],0) -> 0.028256853 | P37: =SUM(Table2[[#This Row],[Value(1000$) 2022]:[Value(1000$) 2024]]) -> 143.0396 | Q37: =SUM(Table2[[#This Row],[Volume(1000) 2022]:[Volume(1000) 2024]]) -> 5617.6513 | R37: =AVERAGE(Table2[[#This Row],[Average Price(2022)]:[Average Price(2024)]]) -> 0.026044052
A38: LINDY CREAM W 64 BAG KAPAK | B38: Intelligent Initiative | C38: LINDY (Intelligent Initiative) | D38: BAGS | E38: WITHOUT EXTRA PROTECTCARE INDICATION | F38: =IF('Working Sheet'!B48="ITEM",'Working Sheet'!E48,"") -> 64 | G38: =IF('Working Sheet'!B48="ITEM",'Working Sheet'!F48,"") -> 47.8005 | H38: =IF('Working Sheet'!B48="ITEM",'Working Sheet'!G48,"") -> 51.1991 | I38: =IF('Working Sheet'!B48="ITEM",'Working Sheet'!H48,"") -> 29.6906 | J38: =IF('Working Sheet'!B48="ITEM",'Working Sheet'!I48,"") -> 1970.2178 | K38: =IF('Working Sheet'!B48="ITEM",'Working Sheet'!J48,"") -> 1924.2328 | L38: =IF('Working Sheet'!B48="ITEM",'Working Sheet'!K48,"") -> 1027.8572 | M38: =IFERROR(Table2[[#This Row],[Value(1000$) 2022]]/Table2[[#This Row],[Volume(1000) 2022]],0) -> 0.024261531 | N38: =IFERROR(Table2[[#This Row],[Value(1000$) 2023]]/Table2[[#This Row],[Volume(1000) 2023]],0) -> 0.026607539 | O38: =IFERROR(Table2[[#This Row],[Value(1000$) 2024]]/Table2[[#This Row],[Volume(1000) 2024]],0) -> 0.028885919 | P38: =SUM(Table2[[#This Row],[Value(1000$) 2022]:[Value(1000$) 2024]]) -> 128.6902 | Q38: =SUM(Table2[[#This Row],[Volume(1000) 2022]:[Volume(1000) 2024]]) -> 4922.3078 | R38: =AVERAGE(Table2[[#This Row],[Average Price(2022)]:[Average Price(2024)]]) -> 0.026584996
A39: LINDY CREAM&VIT.E PH5.5 W 64 BAG | B39: Intelligent Initiative | C39: LINDY (Intelligent Initiative) | D39: BAGS | E39: PH BALANCED | F39: =IF('Working Sheet'!B49="ITEM",'Working Sheet'!E49,"") -> 64 | G39: =IF('Working Sheet'!B49="ITEM",'Working Sheet'!F49,"") -> 0 | H39: =IF('Working Sheet'!B49="ITEM",'Working Sheet'!G49,"") -> 3.2536 | I39: =IF('Working Sheet'!B49="ITEM",'Working Sheet'!H49,"") -> 4.3144 | J39: =IF('Working Sheet'!B49="ITEM",'Working Sheet'!I49,"") -> 0 | K39: =IF('Working Sheet'!B49="ITEM",'Working Sheet'!J49,"") -> 139.3498 | L39: =IF('Working Sheet'!B49="ITEM",'Working Sheet'!K49,"") -> 169.8469 | M39: =IFERROR(Table2[[#This Row],[Value(1000$) 2022]]/Table2[[#This Row],[Volume(1000) 2022]],0) -> 0 | N39: =IFERROR(Table2[[#This Row],[Value(1000$) 2023]]/Table2[[#This Row],[Volume(1000) 2023]],0) -> 0.023348437 | O39: =IFERROR(Table2[[#This Row],[Value(1000$) 2024]]/Table2[[#This Row],[Volume(1000) 2024]],0) -> 0.0254017 | P39: =SUM(Table2[[#This Row],[Value(1000$) 2022]:[Value(1000$) 2024]]) -> 7.568 | Q39: =SUM(Table2[[#This Row],[Volume(1000) 2022]:[Volume(1000) 2024]]) -> 309.1967 | R39: =AVERAGE(Table2[[#This Row],[Average Price(2022)]:[Average Price(2024)]]) -> 0.016250046
A40: LINDY OLIVE OIL EXTR. PH5.5 W 64 BAG | B40: Intelligent Initiative | C40: LINDY (Intelligent Initiative) | D40: BAGS | E40: PH BALANCED | F40: =IF('Working Sheet'!B50="ITEM",'Working Sheet'!E50,"") -> 64 | G40: =IF('Working Sheet'!B50="ITEM",'Working Sheet'!F50,"") -> 5.5922 | H40: =IF('Working Sheet'!B50="ITEM",'Working Sheet'!G50,"") -> 5.3672 | I40: =IF('Working Sheet'!B50="ITEM",'Working Sheet'!H50,"") -> 2.5727 | J40: =IF('Working Sheet'!B50="ITEM",'Working Sheet'!I50,"") -> 261.0479 | K40: =IF('Working Sheet'!B50="ITEM",'Working Sheet'!J50,"") -> 232.436 | L40: =IF('Working Sheet'!B50="ITEM",'Working Sheet'!K50,"") -> 93.9955 | M40: =IFERROR(Table2[[#This Row],[Value(1000$) 2022]]/Table2[[#This Row],[Volume(1000) 2022]],0) -> 0.021422122 | N40: =IFERROR(Table2[[#This Row],[Value(1000$) 2023]]/Table2[[#This Row],[Volume(1000) 2023]],0) -> 0.023091087 | O40: =IFERROR(Table2[[#This Row],[Value(1000$) 2024]]/Table2[[#This Row],[Volume(1000) 2024]],0) -> 0.027370459 | P40: =SUM(Table2[[#This Row],[Value(1000$) 2022]:[Value(1000$) 2024]]) -> 13.5321 | Q40: =SUM(Table2[[#This Row],[Volume(1000) 2022]:[Volume(1000) 2024]]) -> 587.4794 | R40: =AVERAGE(Table2[[#This Row],[Average Price(2022)]:[Average Price(2024)]]) -> 0.023961223
A41: LINDY OLIVE OIL EXTR. W 64 BAG KAPAK | B41: Intelligent Initiative | C41: LINDY (Intelligent Initiative) | D41: BAGS | E41: PH BALANCED | F41: =IF('Working Sheet'!B51="ITEM",'Working Sheet'!E51,"") -> 64 | G41: =IF('Working Sheet'!B51="ITEM",'Working Sheet'!F51,"") -> 53.4907 | H41: =IF('Working Sheet'!B51="ITEM",'Working Sheet'!G51,"") -> 44.7837 | I41: =IF('Working Sheet'!B51="ITEM",'Working Sheet'!H51,"") -> 26.4409 | J41: =IF('Working Sheet'!B51="ITEM",'Working Sheet'!I51,"") -> 2262.5698 | K41: =IF('Working Sheet'!B51="ITEM",'Working Sheet'!J51,"") -> 1667.4681 | L41: =IF('Working Sheet'!B51="ITEM",'Working Sheet'!K51,"") -> 920.8814 | M41: =IFERROR(Table2[[#This Row],[Value(1000$) 2022]]/Table2[[#This Row],[Volume(1000) 2022]],0) -> 0.023641569 | N41: =IFERROR(Table2[[#This Row],[Value(1000$) 2023]]/Table2[[#This Row],[Volume(1000) 2023]],0) -> 0.026857305 | O41: =IFERROR(Table2[[#This Row],[Value(1000$) 2024]]/Table2[[#This Row],[Volume(1000) 2024]],0) -> 0.028712601 | P41: =SUM(Table2[[#This Row],[Value(1000$) 2022]:[Value(1000$) 2024]]) -> 124.7153 | Q41: =SUM(Table2[[#This Row],[Volume(1000) 2022]:[Volume(1000) 2024]]) -> 4850.9193 | R41: =AVERAGE(Table2[[#This Row],[Average Price(2022)]:[Average Price(2024)]]) -> 0.026403825
A42: LINDY SENSITIVE COTTON PH5.5 W 64 BAG | B42: Intelligent Initiative | C42: LINDY (Intelligent Initiative) | D42: BAGS | E42: SENSITIVE | F42: =IF('Working Sheet'!B52="ITEM",'Working Sheet'!E52,"") -> 64 | G42: =IF('Working Sheet'!B52="ITEM",'Working Sheet'!F52,"") -> 8.271 | H42: =IF('Working Sheet'!B52="ITEM",'Working Sheet'!G52,"") -> 9.931 | I42: =IF('Working Sheet'!B52="ITEM",'Working Sheet'!H52,"") -> 1.1805 | J42: =IF('Working Sheet'!B52="ITEM",'Working Sheet'!I52,"") -> 392.0086 | K42: =IF('Working Sheet'!B52="ITEM",'Working Sheet'!J52,"") -> 426.1969 | L42: =IF('Working Sheet'!B52="ITEM",'Working Sheet'!K52,"") -> 46.2808 | M42: =IFERROR(Table2[[#This Row],[Value(1000$) 2022]]/Table2[[#This Row],[Volume(1000) 2022]],0) -> 0.021099027 | N42: =IFERROR(Table2[[#This Row],[Value(1000$) 2023]]/Table2[[#This Row],[Volume(1000) 2023]],0) -> 0.023301436 | O42: =IFERROR(Table2[[#This Row],[Value(1000$) 2024]]/Table2[[#This Row],[Volume(1000) 2024]],0) -> 0.025507338 | P42: =SUM(Table2[[#This Row],[Value(1000$) 2022]:[Value(1000$) 2024]]) -> 19.3825 | Q42: =SUM(Table2[[#This Row],[Volume(1000) 2022]:[Volume(1000) 2024]]) -> 864.4863 | R42: =AVERAGE(Table2[[#This Row],[Average Price(2022)]:[Average Price(2024)]]) -> 0.0233026
A43: LINDY SENSITIVE W 64 BAG KAPAK | B43: Intelligent Initiative | C43: LINDY (Intelligent Initiative) | D43: BAGS | E43: SENSITIVE | F43: =IF('Working Sheet'!B53="ITEM",'Working Sheet'!E53,"") -> 64 | G43: =IF('Working Sheet'!B53="ITEM",'Working Sheet'!F53,"") -> 70.5623 | H43: =IF('Working Sheet'!B53="ITEM",'Working Sheet'!G53,"") -> 56.7856 | I43: =IF('Working Sheet'!B53="ITEM",'Working Sheet'!H53,"") -> 30.7966 | J43: =IF('Working Sheet'!B53="ITEM",'Working Sheet'!I53,"") -> 2842.322 | K43: =IF('Working Sheet'!B53="ITEM",'Working Sheet'!J53,"") -> 2121.0371 | L43: =IF('Working Sheet'!B53="ITEM",'Working Sheet'!K53,"") -> 1067.8224 | M43: =IFERROR(Table2[[#This Row],[Value(1000$) 2022]]/Table2[[#This Row],[Volume(1000) 2022]],0) -> 0.024825583 | N43: =IFERROR(Table2[[#This Row],[Value(1000$) 2023]]/Table2[[#This Row],[Volume(1000) 2023]],0) -> 0.026772563 | O43: =IFERROR(Table2[[#This Row],[Value(1000$) 2024]]/Table2[[#This Row],[Volume(1000) 2024]],0) -> 0.028840564 | P43: =SUM(Table2[[#This Row],[Value(1000$) 2022]:[Value(1000$) 2024]]) -> 158.1445 | Q43: =SUM(Table2[[#This Row],[Volume(1000) 2022]:[Volume(1000) 2024]]) -> 6031.1815 | R43: =AVERAGE(Table2[[#This Row],[Average Price(2022)]:[Average Price(2024)]]) -> 0.026812903
A44: LINDY WHITE TEA&VIT E W 64 BAG | B44: Intelligent Initiative | C44: LINDY (Intelligent Initiative) | D44: BAGS | E44: PH BALANCED | F44: =IF('Working Sheet'!B54="ITEM",'Working Sheet'!E54,"") -> 64 | G44: =IF('Working Sheet'!B54="ITEM",'Working Sheet'!F54,"") -> 34.4959 | H44: =IF('Working Sheet'!B54="ITEM",'Working Sheet'!G54,"") -> 35.3334 | I44: =IF('Working Sheet'!B54="ITEM",'Working Sheet'!H54,"") -> 28.0782 | J44: =IF('Working Sheet'!B54="ITEM",'Working Sheet'!I54,"") -> 1446.3839 | K44: =IF('Working Sheet'!B54="ITEM",'Working Sheet'!J54,"") -> 1359.9783 | L44: =IF('Working Sheet'!B54="ITEM",'Working Sheet'!K54,"") -> 967.9162 | M44: =IFERROR(Table2[[#This Row],[Value(1000$) 2022]]/Table2[[#This Row],[Volume(1000) 2022]],0) -> 0.023849754 | N44: =IFERROR(Table2[[#This Row],[Value(1000$) 2023]]/Table2[[#This Row],[Volume(1000) 2023]],0) -> 0.025980856 | O44: =IFERROR(Table2[[#This Row],[Value(1000$) 2024]]/Table2[[#This Row],[Volume(1000) 2024]],0) -> 0.029008916 | P44: =SUM(Table2[[#This Row],[Value(1000$) 2022]:[Value(1000$) 2024]]) -> 97.9075 | Q44: =SUM(Table2[[#This Row],[Volume(1000) 2022]:[Volume(1000) 2024]]) -> 3774.2784 | R44: =AVERAGE(Table2[[#This Row],[Average Price(2022)]:[Average Price(2024)]]) -> 0.026279842
A45: LINDY PREMIUM LAVENDER W 90 BAG KAPAK | B45: Intelligent Initiative | C45: LINDY (Intelligent Initiative) | D45: BAGS | E45: ALCOHOL FREE | F45: =IF('Working Sheet'!B55="ITEM",'Working Sheet'!E55,"") -> 90 | G45: =IF('Working Sheet'!B55="ITEM",'Working Sheet'!F55,"") -> 49.5715 | H45: =IF('Working Sheet'!B55="ITEM",'Working Sheet'!G55,"") -> 57.9432 | I45: =IF('Working Sheet'!B55="ITEM",'Working Sheet'!H55,"") -> 41.5958 | J45: =IF('Working Sheet'!B55="ITEM",'Working Sheet'!I55,"") -> 2203.897 | K45: =IF('Working Sheet'!B55="ITEM",'Working Sheet'!J55,"") -> 2377.6915 | L45: =IF('Working Sheet'!B55="ITEM",'Working Sheet'!K55,"") -> 1614.8327 | M45: =IFERROR(Table2[[#This Row],[Value(1000$) 2022]]/Table2[[#This Row],[Volume(1000) 2022]],0) -> 0.022492657 | N45: =IFERROR(Table2[[#This Row],[Value(1000$) 2023]]/Table2[[#This Row],[Volume(1000) 2023]],0) -> 0.02436952 | O45: =IFERROR(Table2[[#This Row],[Value(1000$) 2024]]/Table2[[#This Row],[Volume(1000) 2024]],0) -> 0.025758582 | P45: =SUM(Table2[[#This Row],[Value(1000$) 2022]:[Value(1000$) 2024]]) -> 149.1105 | Q45: =SUM(Table2[[#This Row],[Volume(1000) 2022]:[Volume(1000) 2024]]) -> 6196.4212 | R45: =AVERAGE(Table2[[#This Row],[Average Price(2022)]:[Average Price(2024)]]) -> 0.02420692
A46: LUBA BABY B5&VIT E PH5.5W 120 BAG | B46: BroadLeaf Group | C46: LUBA (BroadLeaf Group) | D46: BAGS | E46: PH BALANCED | F46: =IF('Working Sheet'!B58="ITEM",'Working Sheet'!E58,"") -> 120 | G46: =IF('Working Sheet'!B58="ITEM",'Working Sheet'!F58,"") -> 0 | H46: =IF('Working Sheet'!B58="ITEM",'Working Sheet'!G58,"") -> 0 | I46: =IF('Working Sheet'!B58="ITEM",'Working Sheet'!H58,"") -> 5.7117 | J46: =IF('Working Sheet'!B58="ITEM",'Working Sheet'!I58,"") -> 0 | K46: =IF('Working Sheet'!B58="ITEM",'Working Sheet'!J58,"") -> 0 | L46: =IF('Working Sheet'!B58="ITEM",'Working Sheet'!K58,"") -> 338.463 | M46: =IFERROR(Table2[[#This Row],[Value(1000$) 2022]]/Table2[[#This Row],[Volume(1000) 2022]],0) -> 0 | N46: =IFERROR(Table2[[#This Row],[Value(1000$) 2023]]/Table2[[#This Row],[Volume(1000) 2023]],0) -> 0 | O46: =IFERROR(Table2[[#This Row],[Value(1000$) 2024]]/Table2[[#This Row],[Volume(1000) 2024]],0) -> 0.016875404 | P46: =SUM(Table2[[#This Row],[Value(1000$) 2022]:[Value(1000$) 2024]]) -> 5.7117 | Q46: =SUM(Table2[[#This Row],[Volume(1000) 2022]:[Volume(1000) 2024]]) -> 338.463 | R46: =AVERAGE(Table2[[#This Row],[Average Price(2022)]:[Average Price(2024)]]) -> 0.0056251348
A47: LUBA BABY B5&VIT E PH5.5 90 W BAG | B47: BroadLeaf Group | C47: LUBA (BroadLeaf Group) | D47: BAGS | E47: PH BALANCED | F47: =IF('Working Sheet'!B59="ITEM",'Working Sheet'!E59,"") -> 90 | G47: =IF('Working Sheet'!B59="ITEM",'Working Sheet'!F59,"") -> 0 | H47: =IF('Working Sheet'!B59="ITEM",'Working Sheet'!G59,"") -> 4.4635 | I47: =IF('Working Sheet'!B59="ITEM",'Working Sheet'!H59,"") -> 0.1893 | J47: =IF('Working Sheet'!B59="ITEM",'Working Sheet'!I59,"") -> 0 | K47: =IF('Working Sheet'!B59="ITEM",'Working Sheet'!J59,"") -> 231.3342 | L47: =IF('Working Sheet'!B59="ITEM",'Working Sheet'!K59,"") -> 9.7352 | M47: =IFERROR(Table2[[#This Row],[Value(1000$) 2022]]/Table2[[#This Row],[Volume(1000) 2022]],0) -> 0 | N47: =IFERROR(Table2[[#This Row],[Value(1000$) 2023]]/Table2[[#This Row],[Volume(1000) 2023]],0) -> 0.019294596 | O47: =IFERROR(Table2[[#This Row],[Value(1000$) 2024]]/Table2[[#This Row],[Volume(1000) 2024]],0) -> 0.019444901 | P47: =SUM(Table2[[#This Row],[Value(1000$) 2022]:[Value(1000$) 2024]]) -> 4.6528 | Q47: =SUM(Table2[[#This Row],[Volume(1000) 2022]:[Volume(1000) 2024]]) -> 241.0694 | R47: =AVERAGE(Table2[[#This Row],[Average Price(2022)]:[Average Price(2024)]]) -> 0.012913166
A48: HUGGLO BABY PH5.5 W 120 BAG KAPAK | B48: ArborChemistry | C48: HUGGLO (ArborChemistry) | D48: BAGS | E48: PH BALANCED | F48: =IF('Working Sheet'!B62="ITEM",'Working Sheet'!E62,"") -> 120 | G48: =IF('Working Sheet'!B62="ITEM",'Working Sheet'!F62,"") -> 0.7052 | H48: =IF('Working Sheet'!B62="ITEM",'Working Sheet'!G62,"") -> 0 | I48: =IF('Working Sheet'!B62="ITEM",'Working Sheet'!H62,"") -> 0 | J48: =IF('Working Sheet'!B62="ITEM",'Working Sheet'!I62,"") -> 47.3253 | K48: =IF('Working Sheet'!B62="ITEM",'Working Sheet'!J62,"") -> 0 | L48: =IF('Working Sheet'!B62="ITEM",'Working Sheet'!K62,"") -> 0 | M48: =IFERROR(Table2[[#This Row],[Value(1000$) 2022]]/Table2[[#This Row],[Volume(1000) 2022]],0) -> 0.014901121 | N48: =IFERROR(Table2[[#This Row],[Value(1000$) 2023]]/Table2[[#This Row],[Volume(1000) 2023]],0) -> 0 | O48: =IFERROR(Table2[[#This Row],[Value(1000$) 2024]]/Table2[[#This Row],[Volume(1000) 2024]],0) -> 0 | P48: =SUM(Table2[[#This Row],[Value(1000$) 2022]:[Value(1000$) 2024]]) -> 0.7052 | Q48: =SUM(Table2[[#This Row],[Volume(1000) 2022]:[Volume(1000) 2024]]) -> 47.3253 | R48: =AVERAGE(Table2[[#This Row],[Average Price(2022)]:[Average Price(2024)]]) -> 0.0049670402
A49: PAPILION BABY ALOE VERA W 100 BAG KAPAK | B49: ArkPapers | C49: PAPILION (ArkPapers) | D49: BAGS | E49: PH BALANCED | F49: =IF('Working Sheet'!B65="ITEM",'Working Sheet'!E65,"") -> 100 | G49: =IF('Working Sheet'!B65="ITEM",'Working Sheet'!F65,"") -> 0.7628 | H49: =IF('Working Sheet'!B65="ITEM",'Working Sheet'!G65,"") -> 0.2367 | I49: =IF('Working Sheet'!B65="ITEM",'Working Sheet'!H65,"") -> 0.1135 | J49: =IF('Working Sheet'!B65="ITEM",'Working Sheet'!I65,"") -> 43.0746 | K49: =IF('Working Sheet'!B65="ITEM",'Working Sheet'!J65,"") -> 13.9861 | L49: =IF('Working Sheet'!B65="ITEM",'Working Sheet'!K65,"") -> 6.5489 | M49: =IFERROR(Table2[[#This Row],[Value(1000$) 2022]]/Table2[[#This Row],[Volume(1000) 2022]],0) -> 0.017708812 | N49: =IFERROR(Table2[[#This Row],[Value(1000$) 2023]]/Table2[[#This Row],[Volume(1000) 2023]],0) -> 0.016923946 | O49: =IFERROR(Table2[[#This Row],[Value(1000$) 2024]]/Table2[[#This Row],[Volume(1000) 2024]],0) -> 0.017331155 | P49: =SUM(Table2[[#This Row],[Value(1000$) 2022]:[Value(1000$) 2024]]) -> 1.113 | Q49: =SUM(Table2[[#This Row],[Volume(1000) 2022]:[Volume(1000) 2024]]) -> 63.6096 | R49: =AVERAGE(Table2[[#This Row],[Average Price(2022)]:[Average Price(2024)]]) -> 0.017321304
A50: PAPILION BABY SENSITIVE W 100 BAG KAPAK | B50: ArkPapers | C50: PAPILION (ArkPapers) | D50: BAGS | E50: SENSITIVE | F50: =IF('Working Sheet'!B66="ITEM",'Working Sheet'!E66,"") -> 100 | G50: =IF('Working Sheet'!B66="ITEM",'Working Sheet'!F66,"") -> 14.3467 | H50: =IF('Working Sheet'!B66="ITEM",'Working Sheet'!G66,"") -> 14.9893 | I50: =IF('Working Sheet'!B66="ITEM",'Working Sheet'!H66,"") -> 7.9457 | J50: =IF('Working Sheet'!B66="ITEM",'Working Sheet'!I66,"") -> 749.4396 | K50: =IF('Working Sheet'!B66="ITEM",'Working Sheet'!J66,"") -> 788.7151 | L50: =IF('Working Sheet'!B66="ITEM",'Working Sheet'!K66,"") -> 388.8525 | M50: =IFERROR(Table2[[#This Row],[Value(1000$) 2022]]/Table2[[#This Row],[Volume(1000) 2022]],0) -> 0.019143237 | N50: =IFERROR(Table2[[#This Row],[Value(1000$) 2023]]/Table2[[#This Row],[Volume(1000) 2023]],0) -> 0.019004708 | O50: =IFERROR(Table2[[#This Row],[Value(1000$) 2024]]/Table2[[#This Row],[Volume(1000) 2024]],0) -> 0.020433712 | P50: =SUM(Table2[[#This Row],[Value(1000$) 2022]:[Value(1000$) 2024]]) -> 37.2817 | Q50: =SUM(Table2[[#This Row],[Volume(1000) 2022]:[Volume(1000) 2024]]) -> 1927.0072 | R50: =AVERAGE(Table2[[#This Row],[Average Price(2022)]:[Average Price(2024)]]) -> 0.019527219
A51: PAPILION BABY WET CHAMOMILE W 100 BAG | B51: ArkPapers | C51: PAPILION (ArkPapers) | D51: BAGS | E51: WITHOUT EXTRA PROTECTCARE INDICATION | F51: =IF('Working Sheet'!B67="ITEM",'Working Sheet'!E67,"") -> 100 | G51: =IF('Working Sheet'!B67="ITEM",'Working Sheet'!F67,"") -> 9.9742 | H51: =IF('Working Sheet'!B67="ITEM",'Working Sheet'!G67,"") -> 17.7676 | I51: =IF('Working Sheet'!B67="ITEM",'Working Sheet'!H67,"") -> 9.7081 | J51: =IF('Working Sheet'!B67="ITEM",'Working Sheet'!I67,"") -> 530.9449 | K51: =IF('Working Sheet'!B67="ITEM",'Working Sheet'!J67,"") -> 921.2545 | L51: =IF('Working Sheet'!B67="ITEM",'Working Sheet'!K67,"") -> 442.9018 | M51: =IFERROR(Table2[[#This Row],[Value(1000$) 2022]]/Table2[[#This Row],[Volume(1000) 2022]],0) -> 0.018785753 | N51: =IFERROR(Table2[[#This Row],[Value(1000$) 2023]]/Table2[[#This Row],[Volume(1000) 2023]],0) -> 0.01928631 | O51: =IFERROR(Table2[[#This Row],[Value(1000$) 2024]]/Table2[[#This Row],[Volume(1000) 2024]],0) -> 0.021919306 | P51: =SUM(Table2[[#This Row],[Value(1000$) 2022]:[Value(1000$) 2024]]) -> 37.4499 | Q51: =SUM(Table2[[#This Row],[Volume(1000) 2022]:[Volume(1000) 2024]]) -> 1895.1012 | R51: =AVERAGE(Table2[[#This Row],[Average Price(2022)]:[Average Price(2024)]]) -> 0.019997123
A52: PAPILION BABY WET GREEN APPLE W 100 BAG | B52: ArkPapers | C52: PAPILION (ArkPapers) | D52: BAGS | E52: WITHOUT EXTRA PROTECTCARE INDICATION | F52: =IF('Working Sheet'!B68="ITEM",'Working Sheet'!E68,"") -> 100 | G52: =IF('Working Sheet'!B68="ITEM",'Working Sheet'!F68,"") -> 15.1808 | H52: =IF('Working Sheet'!B68="ITEM",'Working Sheet'!G68,"") -> 9.7045 | I52: =IF('Working Sheet'!B68="ITEM",'Working Sheet'!H68,"") -> 2.651 | J52: =IF('Working Sheet'!B68="ITEM",'Working Sheet'!I68,"") -> 814.5573 | K52: =IF('Working Sheet'!B68="ITEM",'Working Sheet'!J68,"") -> 531.5391 | L52: =IF('Working Sheet'!B68="ITEM",'Working Sheet'!K68,"") -> 144.9815 | M52: =IFERROR(Table2[[#This Row],[Value(1000$) 2022]]/Table2[[#This Row],[Volume(1000) 2022]],0) -> 0.018636872 | N52: =IFERROR(Table2[[#This Row],[Value(1000$) 2023]]/Table2[[#This Row],[Volume(1000) 2023]],0) -> 0.018257359 | O52: =IFERROR(Table2[[#This Row],[Value(1000$) 2024]]/Table2[[#This Row],[Volume(1000) 2024]],0) -> 0.018285092 | P52: =SUM(Table2[[#This Row],[Value(1000$) 2022]:[Value(1000$) 2024]]) -> 27.5363 | Q52: =SUM(Table2[[#This Row],[Volume(1000) 2022]:[Volume(1000) 2024]]) -> 1491.0779 | R52: =AVERAGE(Table2[[#This Row],[Average Price(2022)]:[Average Price(2024)]]) -> 0.018393107
A53: PAPILION BABYWET CHARM.LAVENDER W 100BAG | B53: ArkPapers | C53: PAPILION (ArkPapers) | D53: BAGS | E53: PH BALANCED | F53: =IF('Working Sheet'!B69="ITEM",'Working Sheet'!E69,"") -> 100 | G53: =IF('Working Sheet'!B69="ITEM",'Working Sheet'!F69,"") -> 18.2471 | H53: =IF('Working Sheet'!B69="ITEM",'Working Sheet'!G69,"") -> 19.9031 | I53: =IF('Working Sheet'!B69="ITEM",'Working Sheet'!H69,"") -> 8.7614 | J53: =IF('Working Sheet'!B69="ITEM",'Working Sheet'!I69,"") -> 989.3898 | K53: =IF('Working Sheet'!B69="ITEM",'Working Sheet'!J69,"") -> 1044.1582 | L53: =IF('Working Sheet'!B69="ITEM",'Working Sheet'!K69,"") -> 387.4421 | M53: =IFERROR(Table2[[#This Row],[Value(1000$) 2022]]/Table2[[#This Row],[Volume(1000) 2022]],0) -> 0.018442782 | N53: =IFERROR(Table2[[#This Row],[Value(1000$) 2023]]/Table2[[#This Row],[Volume(1000) 2023]],0) -> 0.019061384 | O53: =IFERROR(Table2[[#This Row],[Value(1000$) 2024]]/Table2[[#This Row],[Volume(1000) 2024]],0) -> 0.022613443 | P53: =SUM(Table2[[#This Row],[Value(1000$) 2022]:[Value(1000$) 2024]]) -> 46.9116 | Q53: =SUM(Table2[[#This Row],[Volume(1000) 2022]:[Volume(1000) 2024]]) -> 2420.9901 | R53: =AVERAGE(Table2[[#This Row],[Average Price(2022)]:[Average Price(2024)]]) -> 0.020039203
A54: PAPILION BABYWET CHARMINGROSE W 100 BAG | B54: ArkPapers | C54: PAPILION (ArkPapers) | D54: BAGS | E54: PH BALANCED | F54: =IF('Working Sheet'!B70="ITEM",'Working Sheet'!E70,"") -> 100 | G54: =IF('Working Sheet'!B70="ITEM",'Working Sheet'!F70,"") -> 13.7898 | H54: =IF('Working Sheet'!B70="ITEM",'Working Sheet'!G70,"") -> 10.6778 | I54: =IF('Working Sheet'!B70="ITEM",'Working Sheet'!H70,"") -> 5.2233 | J54: =IF('Working Sheet'!B70="ITEM",'Working Sheet'!I70,"") -> 726.8636 | K54: =IF('Working Sheet'!B70="ITEM",'Working Sheet'!J70,"") -> 563.2845 | L54: =IF('Working Sheet'!B70="ITEM",'Working Sheet'!K70,"") -> 268.46 | M54: =IFERROR(Table2[[#This Row],[Value(1000$) 2022]]/Table2[[#This Row],[Volume(1000) 2022]],0) -> 0.018971648 | N54: =IFERROR(Table2[[#This Row],[Value(1000$) 2023]]/Table2[[#This Row],[Volume(1000) 2023]],0) -> 0.018956318 | O54: =IFERROR(Table2[[#This Row],[Value(1000$) 2024]]/Table2[[#This Row],[Volume(1000) 2024]],0) -> 0.01945653 | P54: =SUM(Table2[[#This Row],[Value(1000$) 2022]:[Value(1000$) 2024]]) -> 29.6909 | Q54: =SUM(Table2[[#This Row],[Volume(1000) 2022]:[Volume(1000) 2024]]) -> 1558.6081 | R54: =AVERAGE(Table2[[#This Row],[Average Price(2022)]:[Average Price(2024)]]) -> 0.019128165
A55: PAPILION BABYWET GRAPEFRUIT&LIME W 100BA | B55: ArkPapers | C55: PAPILION (ArkPapers) | D55: BAGS | E55: WITHOUT EXTRA PROTECTCARE INDICATION | F55: =IF('Working Sheet'!B71="ITEM",'Working Sheet'!E71,"") -> 100 | G55: =IF('Working Sheet'!B71="ITEM",'Working Sheet'!F71,"") -> 0 | H55: =IF('Working Sheet'!B71="ITEM",'Working Sheet'!G71,"") -> 0 | I55: =IF('Working Sheet'!B71="ITEM",'Working Sheet'!H71,"") -> 0 | J55: =IF('Working Sheet'!B71="ITEM",'Working Sheet'!I71,"") -> 0 | K55: =IF('Working Sheet'!B71="ITEM",'Working Sheet'!J71,"") -> 0 | L55: =IF('Working Sheet'!B71="ITEM",'Working Sheet'!K71,"") -> 0 | M55: =IFERROR(Table2[[#This Row],[Value(1000$) 2022]]/Table2[[#This Row],[Volume(1000) 2022]],0) -> 0 | N55: =IFERROR(Table2[[#This Row],[Value(1000$) 2023]]/Table2[[#This Row],[Volume(1000) 2023]],0) -> 0 | O55: =IFERROR(Table2[[#This Row],[Value(1000$) 2024]]/Table2[[#This Row],[Volume(1000) 2024]],0) -> 0 | P55: =SUM(Table2[[#This Row],[Value(1000$) 2022]:[Value(1000$) 2024]]) -> 0 | Q55: =SUM(Table2[[#This Row],[Volume(1000) 2022]:[Volume(1000) 2024]]) -> 0 | R55: =AVERAGE(Table2[[#This Row],[Average Price(2022)]:[Average Price(2024)]]) -> 0
A56: PAPILION JUMBO WET PH5.5 W 120 BAG KAPAK | B56: ArkPapers | C56: PAPILION (ArkPapers) | D56: BAGS | E56: PH BALANCED | F56: =IF('Working Sheet'!B72="ITEM",'Working Sheet'!E72,"") -> 120 | G56: =IF('Working Sheet'!B72="ITEM",'Working Sheet'!F72,"") -> 29.5908 | H56: =IF('Working Sheet'!B72="ITEM",'Working Sheet'!G72,"") -> 20.8453 | I56: =IF('Working Sheet'!B72="ITEM",'Working Sheet'!H72,"") -> 11.4494 | J56: =IF('Working Sheet'!B72="ITEM",'Working Sheet'!I72,"") -> 1741.4848 | K56: =IF('Working Sheet'!B72="ITEM",'Working Sheet'!J72,"") -> 1127.5656 | L56: =IF('Working Sheet'!B72="ITEM",'Working Sheet'!K72,"") -> 585.9611 | M56: =IFERROR(Table2[[#This Row],[Value(1000$) 2022]]/Table2[[#This Row],[Volume(1000) 2022]],0) -> 0.016991707 | N56: =IFERROR(Table2[[#This Row],[Value(1000$) 2023]]/Table2[[#This Row],[Volume(1000) 2023]],0) -> 0.018486995 | O56: =IFERROR(Table2[[#This Row],[Value(1000$) 2024]]/Table2[[#This Row],[Volume(1000) 2024]],0) -> 0.019539522 | P56: =SUM(Table2[[#This Row],[Value(1000$) 2022]:[Value(1000$) 2024]]) -> 61.8855 | Q56: =SUM(Table2[[#This Row],[Volume(1000) 2022]:[Volume(1000) 2024]]) -> 3455.0115 | R56: =AVERAGE(Table2[[#This Row],[Average Price(2022)]:[Average Price(2024)]]) -> 0.018339408
A57: PAPILION BABY WET SENSITIVE W 72 BAG | B57: ArkPapers | C57: PAPILION (ArkPapers) | D57: BAGS | E57: SENSITIVE | F57: =IF('Working Sheet'!B73="ITEM",'Working Sheet'!E73,"") -> 72 | G57: =IF('Working Sheet'!B73="ITEM",'Working Sheet'!F73,"") -> 0.7284 | H57: =IF('Working Sheet'!B73="ITEM",'Working Sheet'!G73,"") -> 0 | I57: =IF('Working Sheet'!B73="ITEM",'Working Sheet'!H73,"") -> 0 | J57: =IF('Working Sheet'!B73="ITEM",'Working Sheet'!I73,"") -> 51.0182 | K57: =IF('Working Sheet'!B73="ITEM",'Working Sheet'!J73,"") -> 0 | L57: =IF('Working Sheet'!B73="ITEM",'Working Sheet'!K73,"") -> 0 | M57: =IFERROR(Table2[[#This Row],[Value(1000$) 2022]]/Table2[[#This Row],[Volume(1000) 2022]],0) -> 0.014277258 | N57: =IFERROR(Table2[[#This Row],[Value(1000$) 2023]]/Table2[[#This Row],[Volume(1000) 2023]],0) -> 0 | O57: =IFERROR(Table2[[#This Row],[Value(1000$) 2024]]/Table2[[#This Row],[Volume(1000) 2024]],0) -> 0 | P57: =SUM(Table2[[#This Row],[Value(1000$) 2022]:[Value(1000$) 2024]]) -> 0.7284 | Q57: =SUM(Table2[[#This Row],[Volume(1000) 2022]:[Volume(1000) 2024]]) -> 51.0182 | R57: =AVERAGE(Table2[[#This Row],[Average Price(2022)]:[Average Price(2024)]]) -> 0.004759086
A58: PAPILION YELLOW LILY W 90 BAG KAPAK | B58: ArkPapers | C58: PAPILION (ArkPapers) | D58: BAGS | E58: ALCOHOL FREE | F58: =IF('Working Sheet'!B74="ITEM",'Working Sheet'!E74,"") -> 90 | G58: =IF('Working Sheet'!B74="ITEM",'Working Sheet'!F74,"") -> 2.0455 | H58: =IF('Working Sheet'!B74="ITEM",'Working Sheet'!G74,"") -> 0.3007 | I58: =IF('Working Sheet'!B74="ITEM",'Working Sheet'!H74,"") -> 0.096 | J58: =IF('Working Sheet'!B74="ITEM",'Working Sheet'!I74,"") -> 81.8696 | K58: =IF('Working Sheet'!B74="ITEM",'Working Sheet'!J74,"") -> 11.8701 | L58: =IF('Working Sheet'!B74="ITEM",'Working Sheet'!K74,"") -> 3.7712 | M58: =IFERROR(Table2[[#This Row],[Value(1000$) 2022]]/Table2[[#This Row],[Volume(1000) 2022]],0) -> 0.024984854 | N58: =IFERROR(Table2[[#This Row],[Value(1000$) 2023]]/Table2[[#This Row],[Volume(1000) 2023]],0) -> 0.025332558 | O58: =IFERROR(Table2[[#This Row],[Value(1000$) 2024]]/Table2[[#This Row],[Volume(1000) 2024]],0) -> 0.025456088 | P58: =SUM(Table2[[#This Row],[Value(1000$) 2022]:[Value(1000$) 2024]]) -> 2.4422 | Q58: =SUM(Table2[[#This Row],[Volume(1000) 2022]:[Volume(1000) 2024]]) -> 97.5109 | R58: =AVERAGE(Table2[[#This Row],[Average Price(2022)]:[Average Price(2024)]]) -> 0.025257833
A59: HONEY BEBISH WITH CREAM W 102 BAG KAPAK | B59: Arkana PaperCraft | C59: HONEY BEBISH (Arkana PaperCraft) | D59: BAGS | E59: WITHOUT EXTRA PROTECTCARE INDICATION | F59: =IF('Working Sheet'!B77="ITEM",'Working Sheet'!E77,"") -> 102 | G59: =IF('Working Sheet'!B77="ITEM",'Working Sheet'!F77,"") -> 0 | H59: =IF('Working Sheet'!B77="ITEM",'Working Sheet'!G77,"") -> 0 | I59: =IF('Working Sheet'!B77="ITEM",'Working Sheet'!H77,"") -> 0 | J59: =IF('Working Sheet'!B77="ITEM",'Working Sheet'!I77,"") -> 0 | K59: =IF('Working Sheet'!B77="ITEM",'Working Sheet'!J77,"") -> 0 | L59: =IF('Working Sheet'!B77="ITEM",'Working Sheet'!K77,"") -> 0 | M59: =IFERROR(Table2[[#This Row],[Value(1000$) 2022]]/Table2[[#This Row],[Volume(1000) 2022]],0) -> 0 | N59: =IFERROR(Table2[[#This Row],[Value(1000$) 2023]]/Table2[[#This Row],[Volume(1000) 2023]],0) -> 0 | O59: =IFERROR(Table2[[#This Row],[Value(1000$) 2024]]/Table2[[#This Row],[Volume(1000) 2024]],0) -> 0 | P59: =SUM(Table2[[#This Row],[Value(1000$) 2022]:[Value(1000$) 2024]]) -> 0 | Q59: =SUM(Table2[[#This Row],[Volume(1000) 2022]:[Volume(1000) 2024]]) -> 0 | R59: =AVERAGE(Table2[[#This Row],[Average Price(2022)]:[Average Price(2024)]]) -> 0
A60: PINE ALOE VERA KREMALI W 120 BAG KAPAK | B60: Arkana PaperCraft | C60: PINE (Arkana PaperCraft) | D60: BAGS | E60: WITHOUT EXTRA PROTECTCARE INDICATION | F60: =IF('Working Sheet'!B79="ITEM",'Working Sheet'!E79,"") -> 120 | G60: =IF('Working Sheet'!B79="ITEM",'Working Sheet'!F79,"") -> 1.0717 | H60: =IF('Working Sheet'!B79="ITEM",'Working Sheet'!G79,"") -> 1.6845 | I60: =IF('Working Sheet'!B79="ITEM",'Working Sheet'!H79,"") -> 0.2092 | J60: =IF('Working Sheet'!B79="ITEM",'Working Sheet'!I79,"") -> 53.4282 | K60: =IF('Working Sheet'!B79="ITEM",'Working Sheet'!J79,"") -> 83.4014 | L60: =IF('Working Sheet'!B79="ITEM",'Working Sheet'!K79,"") -> 9.5613 | M60: =IFERROR(Table2[[#This Row],[Value(1000$) 2022]]/Table2[[#This Row],[Volume(1000) 2022]],0) -> 0.020058696 | N60: =IFERROR(Table2[[#This Row],[Value(1000$) 2023]]/Table2[[#This Row],[Volume(1000) 2023]],0) -> 0.020197503 | O60: =IFERROR(Table2[[#This Row],[Value(1000$) 2024]]/Table2[[#This Row],[Volume(1000) 2024]],0) -> 0.02187987 | P60: =SUM(Table2[[#This Row],[Value(1000$) 2022]:[Value(1000$) 2024]]) -> 2.9654 | Q60: =SUM(Table2[[#This Row],[Volume(1000) 2022]:[Volume(1000) 2024]]) -> 146.3909 | R60: =AVERAGE(Table2[[#This Row],[Average Price(2022)]:[Average Price(2024)]]) -> 0.020712023
A61: PINE ALOE VERA KREMALI W 72 BAG KAPAK | B61: Arkana PaperCraft | C61: PINE (Arkana PaperCraft) | D61: BAGS | E61: WITHOUT EXTRA PROTECTCARE INDICATION | F61: =IF('Working Sheet'!B80="ITEM",'Working Sheet'!E80,"") -> 72 | G61: =IF('Working Sheet'!B80="ITEM",'Working Sheet'!F80,"") -> 0.4676 | H61: =IF('Working Sheet'!B80="ITEM",'Working Sheet'!G80,"") -> 0.3734 | I61: =IF('Working Sheet'!B80="ITEM",'Working Sheet'!H80,"") -> 0.4729 | J61: =IF('Working Sheet'!B80="ITEM",'Working Sheet'!I80,"") -> 17.9292 | K61: =IF('Working Sheet'!B80="ITEM",'Working Sheet'!J80,"") -> 13.4417 | L61: =IF('Working Sheet'!B80="ITEM",'Working Sheet'!K80,"") -> 18.1497 | M61: =IFERROR(Table2[[#This Row],[Value(1000$) 2022]]/Table2[[#This Row],[Volume(1000) 2022]],0) -> 0.026080361 | N61: =IFERROR(Table2[[#This Row],[Value(1000$) 2023]]/Table2[[#This Row],[Volume(1000) 2023]],0) -> 0.027779224 | O61: =IFERROR(Table2[[#This Row],[Value(1000$) 2024]]/Table2[[#This Row],[Volume(1000) 2024]],0) -> 0.026055527 | P61: =SUM(Table2[[#This Row],[Value(1000$) 2022]:[Value(1000$) 2024]]) -> 1.3139 | Q61: =SUM(Table2[[#This Row],[Volume(1000) 2022]:[Volume(1000) 2024]]) -> 49.5206 | R61: =AVERAGE(Table2[[#This Row],[Average Price(2022)]:[Average Price(2024)]]) -> 0.026638371
A62: TROMPY 20 BAG | B62: Fragrantium S.A. | C62: TROMPY (Fragrantium S.A.) | D62: BAGS | E62: WITHOUT EXTRA PROTECTCARE INDICATION | F62: =IF('Working Sheet'!B83="ITEM",'Working Sheet'!E83,"") -> 20 | G62: =IF('Working Sheet'!B83="ITEM",'Working Sheet'!F83,"") -> 0.0445 | H62: =IF('Working Sheet'!B83="ITEM",'Working Sheet'!G83,"") -> 0.062 | I62: =IF('Working Sheet'!B83="ITEM",'Working Sheet'!H83,"") -> 0 | J62: =IF('Working Sheet'!B83="ITEM",'Working Sheet'!I83,"") -> 0.3676 | K62: =IF('Working Sheet'!B83="ITEM",'Working Sheet'!J83,"") -> 0.4838 | L62: =IF('Working Sheet'!B83="ITEM",'Working Sheet'!K83,"") -> 0 | M62: =IFERROR(Table2[[#This Row],[Value(1000$) 2022]]/Table2[[#This Row],[Volume(1000) 2022]],0) -> 0.1210555 | N62: =IFERROR(Table2[[#This Row],[Value(1000$) 2023]]/Table2[[#This Row],[Volume(1000) 2023]],0) -> 0.12815213 | O62: =IFERROR(Table2[[#This Row],[Value(1000$) 2024]]/Table2[[#This Row],[Volume(1000) 2024]],0) -> 0 | P62: =SUM(Table2[[#This Row],[Value(1000$) 2022]:[Value(1000$) 2024]]) -> 0.1065 | Q62: =SUM(Table2[[#This Row],[Volume(1000) 2022]:[Volume(1000) 2024]]) -> 0.8514 | R62: =AVERAGE(Table2[[#This Row],[Average Price(2022)]:[Average Price(2024)]]) -> 0.083069208
A63: HAPPY FRESH BABY CREAM W 72 BAG | B63: ArsenicChem | C63: HAPPY FRESH (ArsenicChem) | D63: BAGS | E63: PH BALANCED | F63: =IF('Working Sheet'!B86="ITEM",'Working Sheet'!E86,"") -> 72 | G63: =IF('Working Sheet'!B86="ITEM",'Working Sheet'!F86,"") -> 0 | H63: =IF('Working Sheet'!B86="ITEM",'Working Sheet'!G86,"") -> 0 | I63: =IF('Working Sheet'!B86="ITEM",'Working Sheet'!H86,"") -> 0 | J63: =IF('Working Sheet'!B86="ITEM",'Working Sheet'!I86,"") -> 0 | K63: =IF('Working Sheet'!B86="ITEM",'Working Sheet'!J86,"") -> 0 | L63: =IF('Working Sheet'!B86="ITEM",'Working Sheet'!K86,"") -> 0 | M63: =IFERROR(Table2[[#This Row],[Value(1000$) 2022]]/Table2[[#This Row],[Volume(1000) 2022]],0) -> 0 | N63: =IFERROR(Table2[[#This Row],[Value(1000$) 2023]]/Table2[[#This Row],[Volume(1000) 2023]],0) -> 0 | O63: =IFERROR(Table2[[#This Row],[Value(1000$) 2024]]/Table2[[#This Row],[Volume(1000) 2024]],0) -> 0 | P63: =SUM(Table2[[#This Row],[Value(1000$) 2022]:[Value(1000$) 2024]]) -> 0 | Q63: =SUM(Table2[[#This Row],[Volume(1000) 2022]:[Volume(1000) 2024]]) -> 0 | R63: =AVERAGE(Table2[[#This Row],[Average Price(2022)]:[Average Price(2024)]]) -> 0
A64: HAPPY FRESH BABY W 72 BAG KAPAK | B64: ArsenicChem | C64: HAPPY FRESH (ArsenicChem) | D64: BAGS | E64: WITHOUT EXTRA PROTECTCARE INDICATION | F64: =IF('Working Sheet'!B87="ITEM",'Working Sheet'!E87,"") -> 72 | G64: =IF('Working Sheet'!B87="ITEM",'Working Sheet'!F87,"") -> 3.3401 | H64: =IF('Working Sheet'!B87="ITEM",'Working Sheet'!G87,"") -> 5.1974 | I64: =IF('Working Sheet'!B87="ITEM",'Working Sheet'!H87,"") -> 3.7095 | J64: =IF('Working Sheet'!B87="ITEM",'Working Sheet'!I87,"") -> 168.6598 | K64: =IF('Working Sheet'!B87="ITEM",'Working Sheet'!J87,"") -> 278.6264 | L64: =IF('Working Sheet'!B87="ITEM",'Working Sheet'!K87,"") -> 222.0746 | M64: =IFERROR(Table2[[#This Row],[Value(1000$) 2022]]/Table2[[#This Row],[Volume(1000) 2022]],0) -> 0.019803771 | N64: =IFERROR(Table2[[#This Row],[Value(1000$) 2023]]/Table2[[#This Row],[Volume(1000) 2023]],0) -> 0.018653652 | O64: =IFERROR(Table2[[#This Row],[Value(1000$) 2024]]/Table2[[#This Row],[Volume(1000) 2024]],0) -> 0.016703846 | P64: =SUM(Table2[[#This Row],[Value(1000$) 2022]:[Value(1000$) 2024]]) -> 12.247 | Q64: =SUM(Table2[[#This Row],[Volume(1000) 2022]:[Volume(1000) 2024]]) -> 669.3608 | R64: =AVERAGE(Table2[[#This Row],[Average Price(2022)]:[Average Price(2024)]]) -> 0.01838709
A65: ULTRA COMPACT ANGELS ALC.FREE W 120 BAG | B65: ArsenicChem | C65: ULTRA COMPACT (ArsenicChem) | D65: BAGS | E65: ALCOHOL FREE | F65: =IF('Working Sheet'!B89="ITEM",'Working Sheet'!E89,"") -> 120 | G65: =IF('Working Sheet'!B89="ITEM",'Working Sheet'!F89,"") -> 1.2582 | H65: =IF('Working Sheet'!B89="ITEM",'Working Sheet'!G89,"") -> 4.4391 | I65: =IF('Working Sheet'!B89="ITEM",'Working Sheet'!H89,"") -> 0.7091 | J65: =IF('Working Sheet'!B89="ITEM",'Working Sheet'!I89,"") -> 67.5266 | K65: =IF('Working Sheet'!B89="ITEM",'Working Sheet'!J89,"") -> 226.1565 | L65: =IF('Working Sheet'!B89="ITEM",'Working Sheet'!K89,"") -> 33.7591 | M65: =IFERROR(Table2[[#This Row],[Value(1000$) 2022]]/Table2[[#This Row],[Volume(1000) 2022]],0) -> 0.018632657 | N65: =IFERROR(Table2[[#This Row],[Value(1000$) 2023]]/Table2[[#This Row],[Volume(1000) 2023]],0) -> 0.019628443 | O65: =IFERROR(Table2[[#This Row],[Value(1000$) 2024]]/Table2[[#This Row],[Volume(1000) 2024]],0) -> 0.021004707 | P65: =SUM(Table2[[#This Row],[Value(1000$) 2022]:[Value(1000$) 2024]]) -> 6.4064 | Q65: =SUM(Table2[[#This Row],[Volume(1000) 2022]:[Volume(1000) 2024]]) -> 327.4422 | R65: =AVERAGE(Table2[[#This Row],[Average Price(2022)]:[Average Price(2024)]]) -> 0.019755269
A66: ULTRA COMPACT MOMO CREAMY W 120 BAG | B66: ArsenicChem | C66: ULTRA COMPACT (ArsenicChem) | D66: BAGS | E66: ALCOHOL FREE | F66: =IF('Working Sheet'!B90="ITEM",'Working Sheet'!E90,"") -> 120 | G66: =IF('Working Sheet'!B90="ITEM",'Working Sheet'!F90,"") -> 4.5986 | H66: =IF('Working Sheet'!B90="ITEM",'Working Sheet'!G90,"") -> 6.1303 | I66: =IF('Working Sheet'!B90="ITEM",'Working Sheet'!H90,"") -> 2.8556 | J66: =IF('Working Sheet'!B90="ITEM",'Working Sheet'!I90,"") -> 228.6993 | K66: =IF('Working Sheet'!B90="ITEM",'Working Sheet'!J90,"") -> 310.5137 | L66: =IF('Working Sheet'!B90="ITEM",'Working Sheet'!K90,"") -> 123.6022 | M66: =IFERROR(Table2[[#This Row],[Value(1000$) 2022]]/Table2[[#This Row],[Volume(1000) 2022]],0) -> 0.020107626 | N66: =IFERROR(Table2[[#This Row],[Value(1000$) 2023]]/Table2[[#This Row],[Volume(1000) 2023]],0) -> 0.019742446 | O66: =IFERROR(Table2[[#This Row],[Value(1000$) 2024]]/Table2[[#This Row],[Volume(1000) 2024]],0) -> 0.023103149 | P66: =SUM(Table2[[#This Row],[Value(1000$) 2022]:[Value(1000$) 2024]]) -> 13.5845 | Q66: =SUM(Table2[[#This Row],[Volume(1000) 2022]:[Volume(1000) 2024]]) -> 662.8152 | R66: =AVERAGE(Table2[[#This Row],[Average Price(2022)]:[Average Price(2024)]]) -> 0.020984407
A67: ULTRA COMPACT ANGELS ALC.FREE W 72 BAG | B67: ArsenicChem | C67: ULTRA COMPACT (ArsenicChem) | D67: BAGS | E67: ALCOHOL FREE | F67: =IF('Working Sheet'!B91="ITEM",'Working Sheet'!E91,"") -> 72 | G67: =IF('Working Sheet'!B91="ITEM",'Working Sheet'!F91,"") -> 0.9464 | H67: =IF('Working Sheet'!B91="ITEM",'Working Sheet'!G91,"") -> 1.6005 | I67: =IF('Working Sheet'!B91="ITEM",'Working Sheet'!H91,"") -> 1.0179 | J67: =IF('Working Sheet'!B91="ITEM",'Working Sheet'!I91,"") -> 54.8685 | K67: =IF('Working Sheet'!B91="ITEM",'Working Sheet'!J91,"") -> 87.0275 | L67: =IF('Working Sheet'!B91="ITEM",'Working Sheet'!K91,"") -> 38.0804 | M67: =IFERROR(Table2[[#This Row],[Value(1000$) 2022]]/Table2[[#This Row],[Volume(1000) 2022]],0) -> 0.017248512 | N67: =IFERROR(Table2[[#This Row],[Value(1000$) 2023]]/Table2[[#This Row],[Volume(1000) 2023]],0) -> 0.018390739 | O67: =IFERROR(Table2[[#This Row],[Value(1000$) 2024]]/Table2[[#This Row],[Volume(1000) 2024]],0) -> 0.026730286 | P67: =SUM(Table2[[#This Row],[Value(1000$) 2022]:[Value(1000$) 2024]]) -> 3.5648 | Q67: =SUM(Table2[[#This Row],[Volume(1000) 2022]:[Volume(1000) 2024]]) -> 179.9764 | R67: =AVERAGE(Table2[[#This Row],[Average Price(2022)]:[Average Price(2024)]]) -> 0.020789846
A68: ULTRACOMPACT BABY PH5.5 ALC.FREE W 72 BA | B68: ArsenicChem | C68: ULTRA COMPACT (ArsenicChem) | D68: BAGS | E68: PH BALANCED | F68: =IF('Working Sheet'!B92="ITEM",'Working Sheet'!E92,"") -> 72 | G68: =IF('Working Sheet'!B92="ITEM",'Working Sheet'!F92,"") -> 1.8199 | H68: =IF('Working Sheet'!B92="ITEM",'Working Sheet'!G92,"") -> 0.7691 | I68: =IF('Working Sheet'!B92="ITEM",'Working Sheet'!H92,"") -> 0.7348 | J68: =IF('Working Sheet'!B92="ITEM",'Working Sheet'!I92,"") -> 83.5223 | K68: =IF('Working Sheet'!B92="ITEM",'Working Sheet'!J92,"") -> 35.1275 | L68: =IF('Working Sheet'!B92="ITEM",'Working Sheet'!K92,"") -> 37.2582 | M68: =IFERROR(Table2[[#This Row],[Value(1000$) 2022]]/Table2[[#This Row],[Volume(1000) 2022]],0) -> 0.02178939 | N68: =IFERROR(Table2[[#This Row],[Value(1000$) 2023]]/Table2[[#This Row],[Volume(1000) 2023]],0) -> 0.021894527 | O68: =IFERROR(Table2[[#This Row],[Value(1000$) 2024]]/Table2[[#This Row],[Volume(1000) 2024]],0) -> 0.019721833 | P68: =SUM(Table2[[#This Row],[Value(1000$) 2022]:[Value(1000$) 2024]]) -> 3.3238 | Q68: =SUM(Table2[[#This Row],[Volume(1000) 2022]:[Volume(1000) 2024]]) -> 155.908 | R68: =AVERAGE(Table2[[#This Row],[Average Price(2022)]:[Average Price(2024)]]) -> 0.02113525
A69: KANZ NATURAL SENS.SKIN ALC.FREE W120 BAG | B69: Creativa Worldwide | C69: KANZ ( Creativa Worldwide) | D69: BAGS | E69: ALCOHOL FREE | F69: =IF('Working Sheet'!B95="ITEM",'Working Sheet'!E95,"") -> 120 | G69: =IF('Working Sheet'!B95="ITEM",'Working Sheet'!F95,"") -> 0 | H69: =IF('Working Sheet'!B95="ITEM",'Working Sheet'!G95,"") -> 10.5616 | I69: =IF('Working Sheet'!B95="ITEM",'Working Sheet'!H95,"") -> 42.6479 | J69: =IF('Working Sheet'!B95="ITEM",'Working Sheet'!I95,"") -> 0 | K69: =IF('Working Sheet'!B95="ITEM",'Working Sheet'!J95,"") -> 483.3957 | L69: =IF('Working Sheet'!B95="ITEM",'Working Sheet'!K95,"") -> 1689.356 | M69: =IFERROR(Table2[[#This Row],[Value(1000$) 2022]]/Table2[[#This Row],[Volume(1000) 2022]],0) -> 0 | N69: =IFERROR(Table2[[#This Row],[Value(1000$) 2023]]/Table2[[#This Row],[Volume(1000) 2023]],0) -> 0.021848767 | O69: =IFERROR(Table2[[#This Row],[Value(1000$) 2024]]/Table2[[#This Row],[Volume(1000) 2024]],0) -> 0.025245064 | P69: =SUM(Table2[[#This Row],[Value(1000$) 2022]:[Value(1000$) 2024]]) -> 53.2095 | Q69: =SUM(Table2[[#This Row],[Volume(1000) 2022]:[Volume(1000) 2024]]) -> 2172.7517 | R69: =AVERAGE(Table2[[#This Row],[Average Price(2022)]:[Average Price(2024)]]) -> 0.015697944
A70: KANZ EXTRA SOFT ALC.FREE W 50 BAG | B70: Creativa Worldwide | C70: KANZ ( Creativa Worldwide) | D70: BAGS | E70: ALCOHOL FREE | F70: =IF('Working Sheet'!B96="ITEM",'Working Sheet'!E96,"") -> 50 | G70: =IF('Working Sheet'!B96="ITEM",'Working Sheet'!F96,"") -> 0 | H70: =IF('Working Sheet'!B96="ITEM",'Working Sheet'!G96,"") -> 2.0856 | I70: =IF('Working Sheet'!B96="ITEM",'Working Sheet'!H96,"") -> 2.5316 | J70: =IF('Working Sheet'!B96="ITEM",'Working Sheet'!I96,"") -> 0 | K70: =IF('Working Sheet'!B96="ITEM",'Working Sheet'!J96,"") -> 61.2627 | L70: =IF('Working Sheet'!B96="ITEM",'Working Sheet'!K96,"") -> 71.1653 | M70: =IFERROR(Table2[[#This Row],[Value(1000$) 2022]]/Table2[[#This Row],[Volume(1000) 2022]],0) -> 0 | N70: =IFERROR(Table2[[#This Row],[Value(1000$) 2023]]/Table2[[#This Row],[Volume(1000) 2023]],0) -> 0.034043553 | O70: =IFERROR(Table2[[#This Row],[Value(1000$) 2024]]/Table2[[#This Row],[Volume(1000) 2024]],0) -> 0.035573517 | P70: =SUM(Table2[[#This Row],[Value(1000$) 2022]:[Value(1000$) 2024]]) -> 4.6172 | Q70: =SUM(Table2[[#This Row],[Volume(1000) 2022]:[Volume(1000) 2024]]) -> 132.428 | R70: =AVERAGE(Table2[[#This Row],[Average Price(2022)]:[Average Price(2024)]]) -> 0.02320569
A71: KANZ ULTRA SOFT ALC.FREE W 72 BAG | B71: Creativa Worldwide | C71: KANZ ( Creativa Worldwide) | D71: BAGS | E71: ALCOHOL FREE | F71: =IF('Working Sheet'!B97="ITEM",'Working Sheet'!E97,"") -> 72 | G71: =IF('Working Sheet'!B97="ITEM",'Working Sheet'!F97,"") -> 0 | H71: =IF('Working Sheet'!B97="ITEM",'Working Sheet'!G97,"") -> 0.5448 | I71: =IF('Working Sheet'!B97="ITEM",'Working Sheet'!H97,"") -> 7.6316 | J71: =IF('Working Sheet'!B97="ITEM",'Working Sheet'!I97,"") -> 0 | K71: =IF('Working Sheet'!B97="ITEM",'Working Sheet'!J97,"") -> 20.8807 | L71: =IF('Working Sheet'!B97="ITEM",'Working Sheet'!K97,"") -> 330.7048 | M71: =IFERROR(Table2[[#This Row],[Value(1000$) 2022]]/Table2[[#This Row],[Volume(1000) 2022]],0) -> 0 | N71: =IFERROR(Table2[[#This Row],[Value(1000$) 2023]]/Table2[[#This Row],[Volume(1000) 2023]],0) -> 0.026091079 | O71: =IFERROR(Table2[[#This Row],[Value(1000$) 2024]]/Table2[[#This Row],[Volume(1000) 2024]],0) -> 0.023076774 | P71: =SUM(Table2[[#This Row],[Value(1000$) 2022]:[Value(1000$) 2024]]) -> 8.1764 | Q71: =SUM(Table2[[#This Row],[Volume(1000) 2022]:[Volume(1000) 2024]]) -> 351.5855 | R71: =AVERAGE(Table2[[#This Row],[Average Price(2022)]:[Average Price(2024)]]) -> 0.016389285
A72: CHICCO SALVIETTINE SENSITIVE W 60 BAG | B72: CultureSana | C72: CHICCO (CultureSana) | D72: BAGS | E72: SENSITIVE | F72: =IF('Working Sheet'!B100="ITEM",'Working Sheet'!E100,"") -> 60 | G72: =IF('Working Sheet'!B100="ITEM",'Working Sheet'!F100,"") -> 0 | H72: =IF('Working Sheet'!B100="ITEM",'Working Sheet'!G100,"") -> 1.5012 | I72: =IF('Working Sheet'!B100="ITEM",'Working Sheet'!H100,"") -> 0.1831 | J72: =IF('Working Sheet'!B100="ITEM",'Working Sheet'!I100,"") -> 0 | K72: =IF('Working Sheet'!B100="ITEM",'Working Sheet'!J100,"") -> 36.1945 | L72: =IF('Working Sheet'!B100="ITEM",'Working Sheet'!K100,"") -> 4.9928 | M72: =IFERROR(Table2[[#This Row],[Value(1000$) 2022]]/Table2[[#This Row],[Volume(1000) 2022]],0) -> 0 | N72: =IFERROR(Table2[[#This Row],[Value(1000$) 2023]]/Table2[[#This Row],[Volume(1000) 2023]],0) -> 0.041475915 | O72: =IFERROR(Table2[[#This Row],[Value(1000$) 2024]]/Table2[[#This Row],[Volume(1000) 2024]],0) -> 0.036672809 | P72: =SUM(Table2[[#This Row],[Value(1000$) 2022]:[Value(1000$) 2024]]) -> 1.6843 | Q72: =SUM(Table2[[#This Row],[Volume(1000) 2022]:[Volume(1000) 2024]]) -> 41.1873 | R72: =AVERAGE(Table2[[#This Row],[Average Price(2022)]:[Average Price(2024)]]) -> 0.026049575
A73: CHICCO SALVIETTINE PARABENI W 72 BAG | B73: CultureSana | C73: CHICCO (CultureSana) | D73: BAGS | E73: ALCOHOL FREE | F73: =IF('Working Sheet'!B101="ITEM",'Working Sheet'!E101,"") -> 72 | G73: =IF('Working Sheet'!B101="ITEM",'Working Sheet'!F101,"") -> 3.1665 | H73: =IF('Working Sheet'!B101="ITEM",'Working Sheet'!G101,"") -> 0.6875 | I73: =IF('Working Sheet'!B101="ITEM",'Working Sheet'!H101,"") -> 0.2799 | J73: =IF('Working Sheet'!B101="ITEM",'Working Sheet'!I101,"") -> 65.2032 | K73: =IF('Working Sheet'!B101="ITEM",'Working Sheet'!J101,"") -> 14.1759 | L73: =IF('Working Sheet'!B101="ITEM",'Working Sheet'!K101,"") -> 5.1737 | M73: =IFERROR(Table2[[#This Row],[Value(1000$) 2022]]/Table2[[#This Row],[Volume(1000) 2022]],0) -> 0.048563567 | N73: =IFERROR(Table2[[#This Row],[Value(1000$) 2023]]/Table2[[#This Row],[Volume(1000) 2023]],0) -> 0.048497803 | O73: =IFERROR(Table2[[#This Row],[Value(1000$) 2024]]/Table2[[#This Row],[Volume(1000) 2024]],0) -> 0.054100547 | P73: =SUM(Table2[[#This Row],[Value(1000$) 2022]:[Value(1000$) 2024]]) -> 4.1339 | Q73: =SUM(Table2[[#This Row],[Volume(1000) 2022]:[Volume(1000) 2024]]) -> 84.5528 | R73: =AVERAGE(Table2[[#This Row],[Average Price(2022)]:[Average Price(2024)]]) -> 0.050387306
A74: UNI COMFORT LOTION P H5.5 72 BAG | B74: Ataman Industries | C74: UNI (Ataman Industries) | D74: BAGS | E74: PH BALANCED | F74: =IF('Working Sheet'!B104="ITEM",'Working Sheet'!E104,"") -> 72 | G74: =IF('Working Sheet'!B104="ITEM",'Working Sheet'!F104,"") -> 0 | H74: =IF('Working Sheet'!B104="ITEM",'Working Sheet'!G104,"") -> 0 | I74: =IF('Working Sheet'!B104="ITEM",'Working Sheet'!H104,"") -> 0.0557 | J74: =IF('Working Sheet'!B104="ITEM",'Working Sheet'!I104,"") -> 0 | K74: =IF('Working Sheet'!B104="ITEM",'Working Sheet'!J104,"") -> 0 | L74: =IF('Working Sheet'!B104="ITEM",'Working Sheet'!K104,"") -> 1.7426 | M74: =IFERROR(Table2[[#This Row],[Value(1000$) 2022]]/Table2[[#This Row],[Volume(1000) 2022]],0) -> 0 | N74: =IFERROR(Table2[[#This Row],[Value(1000$) 2023]]/Table2[[#This Row],[Volume(1000) 2023]],0) -> 0 | O74: =IFERROR(Table2[[#This Row],[Value(1000$) 2024]]/Table2[[#This Row],[Volume(1000) 2024]],0) -> 0.031963732 | P74: =SUM(Table2[[#This Row],[Value(1000$) 2022]:[Value(1000$) 2024]]) -> 0.0557 | Q74: =SUM(Table2[[#This Row],[Volume(1000) 2022]:[Volume(1000) 2024]]) -> 1.7426 | R74: =AVERAGE(Table2[[#This Row],[Average Price(2022)]:[Average Price(2024)]]) -> 0.010654577
A75: EVENT BABY CALENDULA 140 BAG KAPAK | B75: AxisOn Group | C75: EVENT (AxisOn Group) | D75: BAGS | E75: PH BALANCED | F75: =IF('Working Sheet'!B107="ITEM",'Working Sheet'!E107,"") -> 140 | G75: =IF('Working Sheet'!B107="ITEM",'Working Sheet'!F107,"") -> 209.2977 | H75: =IF('Working Sheet'!B107="ITEM",'Working Sheet'!G107,"") -> 236.5056 | I75: =IF('Working Sheet'!B107="ITEM",'Working Sheet'!H107,"") -> 198.2927 | J75: =IF('Working Sheet'!B107="ITEM",'Working Sheet'!I107,"") -> 7336.5479 | K75: =IF('Working Sheet'!B107="ITEM",'Working Sheet'!J107,"") -> 8103.1085 | L75: =IF('Working Sheet'!B107="ITEM",'Working Sheet'!K107,"") -> 7048.5826 | M75: =IFERROR(Table2[[#This Row],[Value(1000$) 2022]]/Table2[[#This Row],[Volume(1000) 2022]],0) -> 0.02852809 | N75: =IFERROR(Table2[[#This Row],[Value(1000$) 2023]]/Table2[[#This Row],[Volume(1000) 2023]],0) -> 0.029187021 | O75: =IFERROR(Table2[[#This Row],[Value(1000$) 2024]]/Table2[[#This Row],[Volume(1000) 2024]],0) -> 0.02813228 | P75: =SUM(Table2[[#This Row],[Value(1000$) 2022]:[Value(1000$) 2024]]) -> 644.096 | Q75: =SUM(Table2[[#This Row],[Volume(1000) 2022]:[Volume(1000) 2024]]) -> 22488.239 | R75: =AVERAGE(Table2[[#This Row],[Average Price(2022)]:[Average Price(2024)]]) -> 0.028615797
A76: EVENT BABY CALENDULA 140 BAG KAPAK+WIP | B76: AxisOn Group | C76: EVENT (AxisOn Group) | D76: BAGS | E76: PH BALANCED | F76: =IF('Working Sheet'!B108="ITEM",'Working Sheet'!E108,"") -> 140 | G76: =IF('Working Sheet'!B108="ITEM",'Working Sheet'!F108,"") -> 0.0278 | H76: =IF('Working Sheet'!B108="ITEM",'Working Sheet'!G108,"") -> 0.0046 | I76: =IF('Working Sheet'!B108="ITEM",'Working Sheet'!H108,"") -> 0 | J76: =IF('Working Sheet'!B108="ITEM",'Working Sheet'!I108,"") -> 1.2 | K76: =IF('Working Sheet'!B108="ITEM",'Working Sheet'!J108,"") -> 0.2 | L76: =IF('Working Sheet'!B108="ITEM",'Working Sheet'!K108,"") -> 0 | M76: =IFERROR(Table2[[#This Row],[Value(1000$) 2022]]/Table2[[#This Row],[Volume(1000) 2022]],0) -> 0.023166667 | N76: =IFERROR(Table2[[#This Row],[Value(1000$) 2023]]/Table2[[#This Row],[Volume(1000) 2023]],0) -> 0.023 | O76: =IFERROR(Table2[[#This Row],[Value(1000$) 2024]]/Table2[[#This Row],[Volume(1000) 2024]],0) -> 0 | P76: =SUM(Table2[[#This Row],[Value(1000$) 2022]:[Value(1000$) 2024]]) -> 0.0324 | Q76: =SUM(Table2[[#This Row],[Volume(1000) 2022]:[Volume(1000) 2024]]) -> 1.4 | R76: =AVERAGE(Table2[[#This Row],[Average Price(2022)]:[Average Price(2024)]]) -> 0.015388889
A77: EVENT BABY MOIST.CHAMOMILE 20 W BAG | B77: AxisOn Group | C77: EVENT (AxisOn Group) | D77: BAGS | E77: PH BALANCED | F77: =IF('Working Sheet'!B109="ITEM",'Working Sheet'!E109,"") -> 20 | G77: =IF('Working Sheet'!B109="ITEM",'Working Sheet'!F109,"") -> 27.7771 | H77: =IF('Working Sheet'!B109="ITEM",'Working Sheet'!G109,"") -> 19.7177 | I77: =IF('Working Sheet'!B109="ITEM",'Working Sheet'!H109,"") -> 14.4848 | J77: =IF('Working Sheet'!B109="ITEM",'Working Sheet'!I109,"") -> 429.9173 | K77: =IF('Working Sheet'!B109="ITEM",'Working Sheet'!J109,"") -> 309.9671 | L77: =IF('Working Sheet'!B109="ITEM",'Working Sheet'!K109,"") -> 229.3313 | M77: =IFERROR(Table2[[#This Row],[Value(1000$) 2022]]/Table2[[#This Row],[Volume(1000) 2022]],0) -> 0.064610333 | N77: =IFERROR(Table2[[#This Row],[Value(1000$) 2023]]/Table2[[#This Row],[Volume(1000) 2023]],0) -> 0.063612235 | O77: =IFERROR(Table2[[#This Row],[Value(1000$) 2024]]/Table2[[#This Row],[Volume(1000) 2024]],0) -> 0.063161025 | P77: =SUM(Table2[[#This Row],[Value(1000$) 2022]:[Value(1000$) 2024]]) -> 61.9796 | Q77: =SUM(Table2[[#This Row],[Volume(1000) 2022]:[Volume(1000) 2024]]) -> 969.2157 | R77: =AVERAGE(Table2[[#This Row],[Average Price(2022)]:[Average Price(2024)]]) -> 0.063794531
A78: EVENT BABY SENSIT. ALOE VERA 20 BAG | B78: AxisOn Group | C78: EVENT (AxisOn Group) | D78: BAGS | E78: SENSITIVE | F78: =IF('Working Sheet'!B110="ITEM",'Working Sheet'!E110,"") -> 20 | G78: =IF('Working Sheet'!B110="ITEM",'Working Sheet'!F110,"") -> 40.5156 | H78: =IF('Working Sheet'!B110="ITEM",'Working Sheet'!G110,"") -> 34.9991 | I78: =IF('Working Sheet'!B110="ITEM",'Working Sheet'!H110,"") -> 5.7746 | J78: =IF('Working Sheet'!B110="ITEM",'Working Sheet'!I110,"") -> 630.6319 | K78: =IF('Working Sheet'!B110="ITEM",'Working Sheet'!J110,"") -> 558.3674 | L78: =IF('Working Sheet'!B110="ITEM",'Working Sheet'!K110,"") -> 90.999 | M78: =IFERROR(Table2[[#This Row],[Value(1000$) 2022]]/Table2[[#This Row],[Volume(1000) 2022]],0) -> 0.064246036 | N78: =IFERROR(Table2[[#This Row],[Value(1000$) 2023]]/Table2[[#This Row],[Volume(1000) 2023]],0) -> 0.062681131 | O78: =IFERROR(Table2[[#This Row],[Value(1000$) 2024]]/Table2[[#This Row],[Volume(1000) 2024]],0) -> 0.06345784 | P78: =SUM(Table2[[#This Row],[Value(1000$) 2022]:[Value(1000$) 2024]]) -> 81.2893 | Q78: =SUM(Table2[[#This Row],[Volume(1000) 2022]:[Volume(1000) 2024]]) -> 1279.9983 | R78: =AVERAGE(Table2[[#This Row],[Average Price(2022)]:[Average Price(2024)]]) -> 0.063461669
A79: EVENT BABY CALENDULA W 25 BAG | B79: AxisOn Group | C79: EVENT (AxisOn Group) | D79: BAGS | E79: PH BALANCED | F79: =IF('Working Sheet'!B111="ITEM",'Working Sheet'!E111,"") -> 25 | G79: =IF('Working Sheet'!B111="ITEM",'Working Sheet'!F111,"") -> 61.3975 | H79: =IF('Working Sheet'!B111="ITEM",'Working Sheet'!G111,"") -> 45.296 | I79: =IF('Working Sheet'!B111="ITEM",'Working Sheet'!H111,"") -> 19.3376 | J79: =IF('Working Sheet'!B111="ITEM",'Working Sheet'!I111,"") -> 1027.2618 | K79: =IF('Working Sheet'!B111="ITEM",'Working Sheet'!J111,"") -> 758.0663 | L79: =IF('Working Sheet'!B111="ITEM",'Working Sheet'!K111,"") -> 328.1835 | M79: =IFERROR(Table2[[#This Row],[Value(1000$) 2022]]/Table2[[#This Row],[Volume(1000) 2022]],0) -> 0.059768114 | N79: =IFERROR(Table2[[#This Row],[Value(1000$) 2023]]/Table2[[#This Row],[Volume(1000) 2023]],0) -> 0.05975203 | O79: =IFERROR(Table2[[#This Row],[Value(1000$) 2024]]/Table2[[#This Row],[Volume(1000) 2024]],0) -> 0.058923133 | P79: =SUM(Table2[[#This Row],[Value(1000$) 2022]:[Value(1000$) 2024]]) -> 126.0311 | Q79: =SUM(Table2[[#This Row],[Volume(1000) 2022]:[Volume(1000) 2024]]) -> 2113.5116 | R79: =AVERAGE(Table2[[#This Row],[Average Price(2022)]:[Average Price(2024)]]) -> 0.059481092
A80: EVENT BABY CALENDULA W 25 BAG+WIP 140 | B80: AxisOn Group | C80: EVENT (AxisOn Group) | D80: BAGS | E80: PH BALANCED | F80: =IF('Working Sheet'!B112="ITEM",'Working Sheet'!E112,"") -> 25 | G80: =IF('Working Sheet'!B112="ITEM",'Working Sheet'!F112,"") -> 0.0103 | H80: =IF('Working Sheet'!B112="ITEM",'Working Sheet'!G112,"") -> 0.0017 | I80: =IF('Working Sheet'!B112="ITEM",'Working Sheet'!H112,"") -> 0 | J80: =IF('Working Sheet'!B112="ITEM",'Working Sheet'!I112,"") -> 0.2143 | K80: =IF('Working Sheet'!B112="ITEM",'Working Sheet'!J112,"") -> 0.0357 | L80: =IF('Working Sheet'!B112="ITEM",'Working Sheet'!K112,"") -> 0 | M80: =IFERROR(Table2[[#This Row],[Value(1000$) 2022]]/Table2[[#This Row],[Volume(1000) 2022]],0) -> 0.048063462 | N80: =IFERROR(Table2[[#This Row],[Value(1000$) 2023]]/Table2[[#This Row],[Volume(1000) 2023]],0) -> 0.047619048 | O80: =IFERROR(Table2[[#This Row],[Value(1000$) 2024]]/Table2[[#This Row],[Volume(1000) 2024]],0) -> 0 | P80: =SUM(Table2[[#This Row],[Value(1000$) 2022]:[Value(1000$) 2024]]) -> 0.012 | Q80: =SUM(Table2[[#This Row],[Volume(1000) 2022]:[Volume(1000) 2024]]) -> 0.25 | R80: =AVERAGE(Table2[[#This Row],[Average Price(2022)]:[Average Price(2024)]]) -> 0.03189417
A81: EVENT BABY CALENDULA HYPOALL.W 30 BAG | B81: AxisOn Group | C81: EVENT (AxisOn Group) | D81: BAGS | E81: HYPOALLERGENIC | F81: =IF('Working Sheet'!B113="ITEM",'Working Sheet'!E113,"") -> 30 | G81: =IF('Working Sheet'!B113="ITEM",'Working Sheet'!F113,"") -> 0 | H81: =IF('Working Sheet'!B113="ITEM",'Working Sheet'!G113,"") -> 0 | I81: =IF('Working Sheet'!B113="ITEM",'Working Sheet'!H113,"") -> 8.3929 | J81: =IF('Working Sheet'!B113="ITEM",'Working Sheet'!I113,"") -> 0 | K81: =IF('Working Sheet'!B113="ITEM",'Working Sheet'!J113,"") -> 0 | L81: =IF('Working Sheet'!B113="ITEM",'Working Sheet'!K113,"") -> 185.3712 | M81: =IFERROR(Table2[[#This Row],[Value(1000$) 2022]]/Table2[[#This Row],[Volume(1000) 2022]],0) -> 0 | N81: =IFERROR(Table2[[#This Row],[Value(1000$) 2023]]/Table2[[#This Row],[Volume(1000) 2023]],0) -> 0 | O81: =IFERROR(Table2[[#This Row],[Value(1000$) 2024]]/Table2[[#This Row],[Volume(1000) 2024]],0) -> 0.045276181 | P81: =SUM(Table2[[#This Row],[Value(1000$) 2022]:[Value(1000$) 2024]]) -> 8.3929 | Q81: =SUM(Table2[[#This Row],[Volume(1000) 2022]:[Volume(1000) 2024]]) -> 185.3712 | R81: =AVERAGE(Table2[[#This Row],[Average Price(2022)]:[Average Price(2024)]]) -> 0.01509206
A82: EVENT BABY HYPOAL.CALENDULA 64 W BAG | B82: AxisOn Group | C82: EVENT (AxisOn Group) | D82: BAGS | E82: HYPOALLERGENIC | F82: =IF('Working Sheet'!B114="ITEM",'Working Sheet'!E114,"") -> 64 | G82: =IF('Working Sheet'!B114="ITEM",'Working Sheet'!F114,"") -> 11.2281 | H82: =IF('Working Sheet'!B114="ITEM",'Working Sheet'!G114,"") -> 7.5717 | I82: =IF('Working Sheet'!B114="ITEM",'Working Sheet'!H114,"") -> 1.9255 | J82: =IF('Working Sheet'!B114="ITEM",'Working Sheet'!I114,"") -> 325.1181 | K82: =IF('Working Sheet'!B114="ITEM",'Working Sheet'!J114,"") -> 236.1233 | L82: =IF('Working Sheet'!B114="ITEM",'Working Sheet'!K114,"") -> 61.8698 | M82: =IFERROR(Table2[[#This Row],[Value(1000$) 2022]]/Table2[[#This Row],[Volume(1000) 2022]],0) -> 0.03453545 | N82: =IFERROR(Table2[[#This Row],[Value(1000$) 2023]]/Table2[[#This Row],[Volume(1000) 2023]],0) -> 0.032066721 | O82: =IFERROR(Table2[[#This Row],[Value(1000$) 2024]]/Table2[[#This Row],[Volume(1000) 2024]],0) -> 0.031121807 | P82: =SUM(Table2[[#This Row],[Value(1000$) 2022]:[Value(1000$) 2024]]) -> 20.7253 | Q82: =SUM(Table2[[#This Row],[Volume(1000) 2022]:[Volume(1000) 2024]]) -> 623.1112 | R82: =AVERAGE(Table2[[#This Row],[Average Price(2022)]:[Average Price(2024)]]) -> 0.03257466
A83: EVENT BABY HYPOALL.CHAMOMILE 72 W BAG | B83: AxisOn Group | C83: EVENT (AxisOn Group) | D83: BAGS | E83: HYPOALLERGENIC | F83: =IF('Working Sheet'!B115="ITEM",'Working Sheet'!E115,"") -> 72 | G83: =IF('Working Sheet'!B115="ITEM",'Working Sheet'!F115,"") -> 56.2686 | H83: =IF('Working Sheet'!B115="ITEM",'Working Sheet'!G115,"") -> 22.3778 | I83: =IF('Working Sheet'!B115="ITEM",'Working Sheet'!H115,"") -> 12.4355 | J83: =IF('Working Sheet'!B115="ITEM",'Working Sheet'!I115,"") -> 1799.2518 | K83: =IF('Working Sheet'!B115="ITEM",'Working Sheet'!J115,"") -> 721.9906 | L83: =IF('Working Sheet'!B115="ITEM",'Working Sheet'!K115,"") -> 385.4519 | M83: =IFERROR(Table2[[#This Row],[Value(1000$) 2022]]/Table2[[#This Row],[Volume(1000) 2022]],0) -> 0.031273333 | N83: =IFERROR(Table2[[#This Row],[Value(1000$) 2023]]/Table2[[#This Row],[Volume(1000) 2023]],0) -> 0.030994586 | O83: =IFERROR(Table2[[#This Row],[Value(1000$) 2024]]/Table2[[#This Row],[Volume(1000) 2024]],0) -> 0.032262132 | P83: =SUM(Table2[[#This Row],[Value(1000$) 2022]:[Value(1000$) 2024]]) -> 91.0819 | Q83: =SUM(Table2[[#This Row],[Volume(1000) 2022]:[Volume(1000) 2024]]) -> 2906.6943 | R83: =AVERAGE(Table2[[#This Row],[Average Price(2022)]:[Average Price(2024)]]) -> 0.031510017
A84: EVENT BABY MOIST.CHAMOMILE 72 W BAG | B84: AxisOn Group | C84: EVENT (AxisOn Group) | D84: BAGS | E84: WITHOUT EXTRA PROTECTCARE INDICATION | F84: =IF('Working Sheet'!B116="ITEM",'Working Sheet'!E116,"") -> 72 | G84: =IF('Working Sheet'!B116="ITEM",'Working Sheet'!F116,"") -> 0.6416 | H84: =IF('Working Sheet'!B116="ITEM",'Working Sheet'!G116,"") -> 0.3447 | I84: =IF('Working Sheet'!B116="ITEM",'Working Sheet'!H116,"") -> 0 | J84: =IF('Working Sheet'!B116="ITEM",'Working Sheet'!I116,"") -> 14.4639 | K84: =IF('Working Sheet'!B116="ITEM",'Working Sheet'!J116,"") -> 7.3649 | L84: =IF('Working Sheet'!B116="ITEM",'Working Sheet'!K116,"") -> 0 | M84: =IFERROR(Table2[[#This Row],[Value(1000$) 2022]]/Table2[[#This Row],[Volume(1000) 2022]],0) -> 0.044358714 | N84: =IFERROR(Table2[[#This Row],[Value(1000$) 2023]]/Table2[[#This Row],[Volume(1000) 2023]],0) -> 0.046803079 | O84: =IFERROR(Table2[[#This Row],[Value(1000$) 2024]]/Table2[[#This Row],[Volume(1000) 2024]],0) -> 0 | P84: =SUM(Table2[[#This Row],[Value(1000$) 2022]:[Value(1000$) 2024]]) -> 0.9863 | Q84: =SUM(Table2[[#This Row],[Volume(1000) 2022]:[Volume(1000) 2024]]) -> 21.8288 | R84: =AVERAGE(Table2[[#This Row],[Average Price(2022)]:[Average Price(2024)]]) -> 0.030387264
A85: EVENT BABY SENSIT. ALOE VERA 72 W BAG | B85: AxisOn Group | C85: EVENT (AxisOn Group) | D85: BAGS | E85: SENSITIVE | F85: =IF('Working Sheet'!B117="ITEM",'Working Sheet'!E117,"") -> 72 | G85: =IF('Working Sheet'!B117="ITEM",'Working Sheet'!F117,"") -> 64.4801 | H85: =IF('Working Sheet'!B117="ITEM",'Working Sheet'!G117,"") -> 81.1825 | I85: =IF('Working Sheet'!B117="ITEM",'Working Sheet'!H117,"") -> 15.4966 | J85: =IF('Working Sheet'!B117="ITEM",'Working Sheet'!I117,"") -> 2159.5494 | K85: =IF('Working Sheet'!B117="ITEM",'Working Sheet'!J117,"") -> 2486.1275 | L85: =IF('Working Sheet'!B117="ITEM",'Working Sheet'!K117,"") -> 493.7347 | M85: =IFERROR(Table2[[#This Row],[Value(1000$) 2022]]/Table2[[#This Row],[Volume(1000) 2022]],0) -> 0.029858127 | N85: =IFERROR(Table2[[#This Row],[Value(1000$) 2023]]/Table2[[#This Row],[Volume(1000) 2023]],0) -> 0.032654198 | O85: =IFERROR(Table2[[#This Row],[Value(1000$) 2024]]/Table2[[#This Row],[Volume(1000) 2024]],0) -> 0.031386492 | P85: =SUM(Table2[[#This Row],[Value(1000$) 2022]:[Value(1000$) 2024]]) -> 161.1592 | Q85: =SUM(Table2[[#This Row],[Volume(1000) 2022]:[Volume(1000) 2024]]) -> 5139.4116 | R85: =AVERAGE(Table2[[#This Row],[Average Price(2022)]:[Average Price(2024)]]) -> 0.031299606
A86: TEX BABY PH5.5 ALC.FREE W 100 BAG PURPLE | B86: PureAim Cleaners | C86: TEX (PureAim Cleaners) | D86: BAGS | E86: PH BALANCED | F86: =IF('Working Sheet'!B120="ITEM",'Working Sheet'!E120,"") -> 100 | G86: =IF('Working Sheet'!B120="ITEM",'Working Sheet'!F120,"") -> 0 | H86: =IF('Working Sheet'!B120="ITEM",'Working Sheet'!G120,"") -> 0 | I86: =IF('Working Sheet'!B120="ITEM",'Working Sheet'!H120,"") -> 0.2449 | J86: =IF('Working Sheet'!B120="ITEM",'Working Sheet'!I120,"") -> 0 | K86: =IF('Working Sheet'!B120="ITEM",'Working Sheet'!J120,"") -> 0 | L86: =IF('Working Sheet'!B120="ITEM",'Working Sheet'!K120,"") -> 9.7979 | M86: =IFERROR(Table2[[#This Row],[Value(1000$) 2022]]/Table2[[#This Row],[Volume(1000) 2022]],0) -> 0 | N86: =IFERROR(Table2[[#This Row],[Value(1000$) 2023]]/Table2[[#This Row],[Volume(1000) 2023]],0) -> 0 | O86: =IFERROR(Table2[[#This Row],[Value(1000$) 2024]]/Table2[[#This Row],[Volume(1000) 2024]],0) -> 0.024995152 | P86: =SUM(Table2[[#This Row],[Value(1000$) 2022]:[Value(1000$) 2024]]) -> 0.2449 | Q86: =SUM(Table2[[#This Row],[Volume(1000) 2022]:[Volume(1000) 2024]]) -> 9.7979 | R86: =AVERAGE(Table2[[#This Row],[Average Price(2022)]:[Average Price(2024)]]) -> 0.0083317173
A87: TEX BABY PH5.5 ALC.FREE W 100 BAG YELLOW | B87: PureAim Cleaners | C87: TEX (PureAim Cleaners) | D87: BAGS | E87: PH BALANCED | F87: =IF('Working Sheet'!B121="ITEM",'Working Sheet'!E121,"") -> 100 | G87: =IF('Working Sheet'!B121="ITEM",'Working Sheet'!F121,"") -> 0.2236 | H87: =IF('Working Sheet'!B121="ITEM",'Working Sheet'!G121,"") -> 1.0136 | I87: =IF('Working Sheet'!B121="ITEM",'Working Sheet'!H121,"") -> 0.8123 | J87: =IF('Working Sheet'!B121="ITEM",'Working Sheet'!I121,"") -> 12.2155 | K87: =IF('Working Sheet'!B121="ITEM",'Working Sheet'!J121,"") -> 49.1516 | L87: =IF('Working Sheet'!B121="ITEM",'Working Sheet'!K121,"") -> 34.9195 | M87: =IFERROR(Table2[[#This Row],[Value(1000$) 2022]]/Table2[[#This Row],[Volume(1000) 2022]],0) -> 0.018304613 | N87: =IFERROR(Table2[[#This Row],[Value(1000$) 2023]]/Table2[[#This Row],[Volume(1000) 2023]],0) -> 0.020621913 | O87: =IFERROR(Table2[[#This Row],[Value(1000$) 2024]]/Table2[[#This Row],[Volume(1000) 2024]],0) -> 0.023262074 | P87: =SUM(Table2[[#This Row],[Value(1000$) 2022]:[Value(1000$) 2024]]) -> 2.0495 | Q87: =SUM(Table2[[#This Row],[Volume(1000) 2022]:[Volume(1000) 2024]]) -> 96.2866 | R87: =AVERAGE(Table2[[#This Row],[Average Price(2022)]:[Average Price(2024)]]) -> 0.020729533
A88: NIVEA BABY SOFT&CREME 20 BAG | B88: AlpineMeadow | C88: NIVEA (AlpineMeadow) | D88: BAGS | E88: WITHOUT EXTRA PROTECTCARE INDICATION | F88: =IF('Working Sheet'!B124="ITEM",'Working Sheet'!E124,"") -> 20 | G88: =IF('Working Sheet'!B124="ITEM",'Working Sheet'!F124,"") -> 15.0191 | H88: =IF('Working Sheet'!B124="ITEM",'Working Sheet'!G124,"") -> 17.6168 | I88: =IF('Working Sheet'!B124="ITEM",'Working Sheet'!H124,"") -> 13.7002 | J88: =IF('Working Sheet'!B124="ITEM",'Working Sheet'!I124,"") -> 121.4559 | K88: =IF('Working Sheet'!B124="ITEM",'Working Sheet'!J124,"") -> 162.24 | L88: =IF('Working Sheet'!B124="ITEM",'Working Sheet'!K124,"") -> 126.0534 | M88: =IFERROR(Table2[[#This Row],[Value(1000$) 2022]]/Table2[[#This Row],[Volume(1000) 2022]],0) -> 0.12365888 | N88: =IFERROR(Table2[[#This Row],[Value(1000$) 2023]]/Table2[[#This Row],[Volume(1000) 2023]],0) -> 0.10858481 | O88: =IFERROR(Table2[[#This Row],[Value(1000$) 2024]]/Table2[[#This Row],[Volume(1000) 2024]],0) -> 0.10868568 | P88: =SUM(Table2[[#This Row],[Value(1000$) 2022]:[Value(1000$) 2024]]) -> 46.3361 | Q88: =SUM(Table2[[#This Row],[Volume(1000) 2022]:[Volume(1000) 2024]]) -> 409.7493 | R88: =AVERAGE(Table2[[#This Row],[Average Price(2022)]:[Average Price(2024)]]) -> 0.11364312
A89: NIVEA BABY TODDIES 2IN1 60 BAG | B89: AlpineMeadow | C89: NIVEA (AlpineMeadow) | D89: BAGS | E89: WITHOUT EXTRA PROTECTCARE INDICATION | F89: =IF('Working Sheet'!B125="ITEM",'Working Sheet'!E125,"") -> 60 | G89: =IF('Working Sheet'!B125="ITEM",'Working Sheet'!F125,"") -> 19.7764 | H89: =IF('Working Sheet'!B125="ITEM",'Working Sheet'!G125,"") -> 13.7983 | I89: =IF('Working Sheet'!B125="ITEM",'Working Sheet'!H125,"") -> 7.5657 | J89: =IF('Working Sheet'!B125="ITEM",'Working Sheet'!I125,"") -> 281.9728 | K89: =IF('Working Sheet'!B125="ITEM",'Working Sheet'!J125,"") -> 222.7071 | L89: =IF('Working Sheet'!B125="ITEM",'Working Sheet'!K125,"") -> 118.9547 | M89: =IFERROR(Table2[[#This Row],[Value(1000$) 2022]]/Table2[[#This Row],[Volume(1000) 2022]],0) -> 0.070135843 | N89: =IFERROR(Table2[[#This Row],[Value(1000$) 2023]]/Table2[[#This Row],[Volume(1000) 2023]],0) -> 0.061957163 | O89: =IFERROR(Table2[[#This Row],[Value(1000$) 2024]]/Table2[[#This Row],[Volume(1000) 2024]],0) -> 0.063601522 | P89: =SUM(Table2[[#This Row],[Value(1000$) 2022]:[Value(1000$) 2024]]) -> 41.1404 | Q89: =SUM(Table2[[#This Row],[Volume(1000) 2022]:[Volume(1000) 2024]]) -> 623.6346 | R89: =AVERAGE(Table2[[#This Row],[Average Price(2022)]:[Average Price(2024)]]) -> 0.065231509
A90: NIVEA BABY FRESH&PURE 63 BAG | B90: AlpineMeadow | C90: NIVEA (AlpineMeadow) | D90: BAGS | E90: WITHOUT EXTRA PROTECTCARE INDICATION | F90: =IF('Working Sheet'!B126="ITEM",'Working Sheet'!E126,"") -> 63 | G90: =IF('Working Sheet'!B126="ITEM",'Working Sheet'!F126,"") -> 41.3141 | H90: =IF('Working Sheet'!B126="ITEM",'Working Sheet'!G126,"") -> 32.4226 | I90: =IF('Working Sheet'!B126="ITEM",'Working Sheet'!H126,"") -> 18.6829 | J90: =IF('Working Sheet'!B126="ITEM",'Working Sheet'!I126,"") -> 549.6408 | K90: =IF('Working Sheet'!B126="ITEM",'Working Sheet'!J126,"") -> 416.8479 | L90: =IF('Working Sheet'!B126="ITEM",'Working Sheet'!K126,"") -> 241.3891 | M90: =IFERROR(Table2[[#This Row],[Value(1000$) 2022]]/Table2[[#This Row],[Volume(1000) 2022]],0) -> 0.075165635 | N90: =IFERROR(Table2[[#This Row],[Value(1000$) 2023]]/Table2[[#This Row],[Volume(1000) 2023]],0) -> 0.077780409 | O90: =IFERROR(Table2[[#This Row],[Value(1000$) 2024]]/Table2[[#This Row],[Volume(1000) 2024]],0) -> 0.077397447 | P90: =SUM(Table2[[#This Row],[Value(1000$) 2022]:[Value(1000$) 2024]]) -> 92.4196 | Q90: =SUM(Table2[[#This Row],[Volume(1000) 2022]:[Volume(1000) 2024]]) -> 1207.8778 | R90: =AVERAGE(Table2[[#This Row],[Average Price(2022)]:[Average Price(2024)]]) -> 0.076781164
A91: NIVEA BABY PURE&SENSITIVE 63 W BAG | B91: AlpineMeadow | C91: NIVEA (AlpineMeadow) | D91: BAGS | E91: ALCOHOL FREE | F91: =IF('Working Sheet'!B127="ITEM",'Working Sheet'!E127,"") -> 63 | G91: =IF('Working Sheet'!B127="ITEM",'Working Sheet'!F127,"") -> 10.5054 | H91: =IF('Working Sheet'!B127="ITEM",'Working Sheet'!G127,"") -> 0.496 | I91: =IF('Working Sheet'!B127="ITEM",'Working Sheet'!H127,"") -> 0 | J91: =IF('Working Sheet'!B127="ITEM",'Working Sheet'!I127,"") -> 168.0601 | K91: =IF('Working Sheet'!B127="ITEM",'Working Sheet'!J127,"") -> 9.378 | L91: =IF('Working Sheet'!B127="ITEM",'Working Sheet'!K127,"") -> 0 | M91: =IFERROR(Table2[[#This Row],[Value(1000$) 2022]]/Table2[[#This Row],[Volume(1000) 2022]],0) -> 0.062509781 | N91: =IFERROR(Table2[[#This Row],[Value(1000$) 2023]]/Table2[[#This Row],[Volume(1000) 2023]],0) -> 0.052889742 | O91: =IFERROR(Table2[[#This Row],[Value(1000$) 2024]]/Table2[[#This Row],[Volume(1000) 2024]],0) -> 0 | P91: =SUM(Table2[[#This Row],[Value(1000$) 2022]:[Value(1000$) 2024]]) -> 11.0014 | Q91: =SUM(Table2[[#This Row],[Volume(1000) 2022]:[Volume(1000) 2024]]) -> 177.4381 | R91: =AVERAGE(Table2[[#This Row],[Average Price(2022)]:[Average Price(2024)]]) -> 0.038466508
A92: NIVEA BABY SOFT&CREME 63 BAG | B92: AlpineMeadow | C92: NIVEA (AlpineMeadow) | D92: BAGS | E92: WITHOUT EXTRA PROTECTCARE INDICATION | F92: =IF('Working Sheet'!B128="ITEM",'Working Sheet'!E128,"") -> 63 | G92: =IF('Working Sheet'!B128="ITEM",'Working Sheet'!F128,"") -> 26.6941 | H92: =IF('Working Sheet'!B128="ITEM",'Working Sheet'!G128,"") -> 16.9801 | I92: =IF('Working Sheet'!B128="ITEM",'Working Sheet'!H128,"") -> 8.3485 | J92: =IF('Working Sheet'!B128="ITEM",'Working Sheet'!I128,"") -> 362.3034 | K92: =IF('Working Sheet'!B128="ITEM",'Working Sheet'!J128,"") -> 234.6001 | L92: =IF('Working Sheet'!B128="ITEM",'Working Sheet'!K128,"") -> 111.9991 | M92: =IFERROR(Table2[[#This Row],[Value(1000$) 2022]]/Table2[[#This Row],[Volume(1000) 2022]],0) -> 0.073678856 | N92: =IFERROR(Table2[[#This Row],[Value(1000$) 2023]]/Table2[[#This Row],[Volume(1000) 2023]],0) -> 0.072378912 | O92: =IFERROR(Table2[[#This Row],[Value(1000$) 2024]]/Table2[[#This Row],[Volume(1000) 2024]],0) -> 0.074540778 | P92: =SUM(Table2[[#This Row],[Value(1000$) 2022]:[Value(1000$) 2024]]) -> 52.0227 | Q92: =SUM(Table2[[#This Row],[Volume(1000) 2022]:[Volume(1000) 2024]]) -> 708.9026 | R92: =AVERAGE(Table2[[#This Row],[Average Price(2022)]:[Average Price(2024)]]) -> 0.073532848
A93: SMILE ALOE&CAMOMILE PH5.5 60 BAG | B93: BioRealm Corp | C93: SMILE (BIOSPHERE CORP.) | D93: BAGS | E93: PH BALANCED | F93: =IF('Working Sheet'!B131="ITEM",'Working Sheet'!E131,"") -> 60 | G93: =IF('Working Sheet'!B131="ITEM",'Working Sheet'!F131,"") -> 0.5204 | H93: =IF('Working Sheet'!B131="ITEM",'Working Sheet'!G131,"") -> 1.6072 | I93: =IF('Working Sheet'!B131="ITEM",'Working Sheet'!H131,"") -> 0.1642 | J93: =IF('Working Sheet'!B131="ITEM",'Working Sheet'!I131,"") -> 10.5198 | K93: =IF('Working Sheet'!B131="ITEM",'Working Sheet'!J131,"") -> 34.4998 | L93: =IF('Working Sheet'!B131="ITEM",'Working Sheet'!K131,"") -> 3.1461 | M93: =IFERROR(Table2[[#This Row],[Value(1000$) 2022]]/Table2[[#This Row],[Volume(1000) 2022]],0) -> 0.049468621 | N93: =IFERROR(Table2[[#This Row],[Value(1000$) 2023]]/Table2[[#This Row],[Volume(1000) 2023]],0) -> 0.046585777 | O93: =IFERROR(Table2[[#This Row],[Value(1000$) 2024]]/Table2[[#This Row],[Volume(1000) 2024]],0) -> 0.052191602 | P93: =SUM(Table2[[#This Row],[Value(1000$) 2022]:[Value(1000$) 2024]]) -> 2.2918 | Q93: =SUM(Table2[[#This Row],[Volume(1000) 2022]:[Volume(1000) 2024]]) -> 48.1657 | R93: =AVERAGE(Table2[[#This Row],[Average Price(2022)]:[Average Price(2024)]]) -> 0.049415334
A94: SOFTLINE FRESHERCREAMVITE PH5.5 W 120BAG | B94: BurdenCo | C94: SOFTLINE (BurdenCo) | D94: BAGS | E94: PH BALANCED | F94: =IF('Working Sheet'!B134="ITEM",'Working Sheet'!E134,"") -> 120 | G94: =IF('Working Sheet'!B134="ITEM",'Working Sheet'!F134,"") -> 0 | H94: =IF('Working Sheet'!B134="ITEM",'Working Sheet'!G134,"") -> 0 | I94: =IF('Working Sheet'!B134="ITEM",'Working Sheet'!H134,"") -> 0 | J94: =IF('Working Sheet'!B134="ITEM",'Working Sheet'!I134,"") -> 0 | K94: =IF('Working Sheet'!B134="ITEM",'Working Sheet'!J134,"") -> 0 | L94: =IF('Working Sheet'!B134="ITEM",'Working Sheet'!K134,"") -> 0 | M94: =IFERROR(Table2[[#This Row],[Value(1000$) 2022]]/Table2[[#This Row],[Volume(1000) 2022]],0) -> 0 | N94: =IFERROR(Table2[[#This Row],[Value(1000$) 2023]]/Table2[[#This Row],[Volume(1000) 2023]],0) -> 0 | O94: =IFERROR(Table2[[#This Row],[Value(1000$) 2024]]/Table2[[#This Row],[Volume(1000) 2024]],0) -> 0 | P94: =SUM(Table2[[#This Row],[Value(1000$) 2022]:[Value(1000$) 2024]]) -> 0 | Q94: =SUM(Table2[[#This Row],[Volume(1000) 2022]:[Volume(1000) 2024]]) -> 0 | R94: =AVERAGE(Table2[[#This Row],[Average Price(2022)]:[Average Price(2024)]]) -> 0
A95: BABYCARE WITHCREAM W 80/8FREE BAG KAPAK | B95: TradeKing Cengiz | C95: BABY CARE (TradeKing Cengiz) | D95: BAGS | E95: PH BALANCED | F95: =IF('Working Sheet'!B137="ITEM",'Working Sheet'!E137,"") -> 72 | G95: =IF('Working Sheet'!B137="ITEM",'Working Sheet'!F137,"") -> 0 | H95: =IF('Working Sheet'!B137="ITEM",'Working Sheet'!G137,"") -> 0.0379 | I95: =IF('Working Sheet'!B137="ITEM",'Working Sheet'!H137,"") -> 0.0693 | J95: =IF('Working Sheet'!B137="ITEM",'Working Sheet'!I137,"") -> 0 | K95: =IF('Working Sheet'!B137="ITEM",'Working Sheet'!J137,"") -> 2.3294 | L95: =IF('Working Sheet'!B137="ITEM",'Working Sheet'!K137,"") -> 4.267 | M95: =IFERROR(Table2[[#This Row],[Value(1000$) 2022]]/Table2[[#This Row],[Volume(1000) 2022]],0) -> 0 | N95: =IFERROR(Table2[[#This Row],[Value(1000$) 2023]]/Table2[[#This Row],[Volume(1000) 2023]],0) -> 0.016270284 | O95: =IFERROR(Table2[[#This Row],[Value(1000$) 2024]]/Table2[[#This Row],[Volume(1000) 2024]],0) -> 0.016240919 | P95: =SUM(Table2[[#This Row],[Value(1000$) 2022]:[Value(1000$) 2024]]) -> 0.1072 | Q95: =SUM(Table2[[#This Row],[Volume(1000) 2022]:[Volume(1000) 2024]]) -> 6.5964 | R95: =AVERAGE(Table2[[#This Row],[Average Price(2022)]:[Average Price(2024)]]) -> 0.010837068
A96: ClearSight BABY ALOE VERA PH5.5 W 25 BAG | B96: ClearSight | C96: ClearSight (ClearSight) | D96: BAGS | E96: PH BALANCED | F96: =IF('Working Sheet'!B140="ITEM",'Working Sheet'!E140,"") -> 25 | G96: =IF('Working Sheet'!B140="ITEM",'Working Sheet'!F140,"") -> 0 | H96: =IF('Working Sheet'!B140="ITEM",'Working Sheet'!G140,"") -> 0.0086 | I96: =IF('Working Sheet'!B140="ITEM",'Working Sheet'!H140,"") -> 13.3878 | J96: =IF('Working Sheet'!B140="ITEM",'Working Sheet'!I140,"") -> 0 | K96: =IF('Working Sheet'!B140="ITEM",'Working Sheet'!J140,"") -> 0.1964 | L96: =IF('Working Sheet'!B140="ITEM",'Working Sheet'!K140,"") -> 341.0241 | M96: =IFERROR(Table2[[#This Row],[Value(1000$) 2022]]/Table2[[#This Row],[Volume(1000) 2022]],0) -> 0 | N96: =IFERROR(Table2[[#This Row],[Value(1000$) 2023]]/Table2[[#This Row],[Volume(1000) 2023]],0) -> 0.043788187 | O96: =IFERROR(Table2[[#This Row],[Value(1000$) 2024]]/Table2[[#This Row],[Volume(1000) 2024]],0) -> 0.039257636 | P96: =SUM(Table2[[#This Row],[Value(1000$) 2022]:[Value(1000$) 2024]]) -> 13.3964 | Q96: =SUM(Table2[[#This Row],[Volume(1000) 2022]:[Volume(1000) 2024]]) -> 341.2205 | R96: =AVERAGE(Table2[[#This Row],[Average Price(2022)]:[Average Price(2024)]]) -> 0.027681941
A97: ClearSight BABY CALENDULA PH5.5 W 25 BAG | B97: ClearSight | C97: ClearSight (ClearSight) | D97: BAGS | E97: PH BALANCED | F97: =IF('Working Sheet'!B141="ITEM",'Working Sheet'!E141,"") -> 25 | G97: =IF('Working Sheet'!B141="ITEM",'Working Sheet'!F141,"") -> 0 | H97: =IF('Working Sheet'!B141="ITEM",'Working Sheet'!G141,"") -> 4.8899 | I97: =IF('Working Sheet'!B141="ITEM",'Working Sheet'!H141,"") -> 10.6644 | J97: =IF('Working Sheet'!B141="ITEM",'Working Sheet'!I141,"") -> 0 | K97: =IF('Working Sheet'!B141="ITEM",'Working Sheet'!J141,"") -> 145.9169 | L97: =IF('Working Sheet'!B141="ITEM",'Working Sheet'!K141,"") -> 284.6065 | M97: =IFERROR(Table2[[#This Row],[Value(1000$) 2022]]/Table2[[#This Row],[Volume(1000) 2022]],0) -> 0 | N97: =IFERROR(Table2[[#This Row],[Value(1000$) 2023]]/Table2[[#This Row],[Volume(1000) 2023]],0) -> 0.03351154 | O97: =IFERROR(Table2[[#This Row],[Value(1000$) 2024]]/Table2[[#This Row],[Volume(1000) 2024]],0) -> 0.037470683 | P97: =SUM(Table2[[#This Row],[Value(1000$) 2022]:[Value(1000$) 2024]]) -> 15.5543 | Q97: =SUM(Table2[[#This Row],[Volume(1000) 2022]:[Volume(1000) 2024]]) -> 430.5234 | R97: =AVERAGE(Table2[[#This Row],[Average Price(2022)]:[Average Price(2024)]]) -> 0.023660741
A98: ClearSight BABY CHAMOMILE PH5.5 W 25 BAG | B98: ClearSight | C98: ClearSight (ClearSight) | D98: BAGS | E98: PH BALANCED | F98: =IF('Working Sheet'!B142="ITEM",'Working Sheet'!E142,"") -> 25 | G98: =IF('Working Sheet'!B142="ITEM",'Working Sheet'!F142,"") -> 0 | H98: =IF('Working Sheet'!B142="ITEM",'Working Sheet'!G142,"") -> 5.8545 | I98: =IF('Working Sheet'!B142="ITEM",'Working Sheet'!H142,"") -> 9.0564 | J98: =IF('Working Sheet'!B142="ITEM",'Working Sheet'!I142,"") -> 0 | K98: =IF('Working Sheet'!B142="ITEM",'Working Sheet'!J142,"") -> 166.3858 | L98: =IF('Working Sheet'!B142="ITEM",'Working Sheet'!K142,"") -> 238.5435 | M98: =IFERROR(Table2[[#This Row],[Value(1000$) 2022]]/Table2[[#This Row],[Volume(1000) 2022]],0) -> 0 | N98: =IFERROR(Table2[[#This Row],[Value(1000$) 2023]]/Table2[[#This Row],[Volume(1000) 2023]],0) -> 0.035186296 | O98: =IFERROR(Table2[[#This Row],[Value(1000$) 2024]]/Table2[[#This Row],[Volume(1000) 2024]],0) -> 0.037965403 | P98: =SUM(Table2[[#This Row],[Value(1000$) 2022]:[Value(1000$) 2024]]) -> 14.9109 | Q98: =SUM(Table2[[#This Row],[Volume(1000) 2022]:[Volume(1000) 2024]]) -> 404.9293 | R98: =AVERAGE(Table2[[#This Row],[Average Price(2022)]:[Average Price(2024)]]) -> 0.024383899
A99: ClearSight BABY CHAMOMILE PH5.5 W 66 BAG | B99: ClearSight | C99: ClearSight (ClearSight) | D99: BAGS | E99: PH BALANCED | F99: =IF('Working Sheet'!B143="ITEM",'Working Sheet'!E143,"") -> 66 | G99: =IF('Working Sheet'!B143="ITEM",'Working Sheet'!F143,"") -> 0 | H99: =IF('Working Sheet'!B143="ITEM",'Working Sheet'!G143,"") -> 0 | I99: =IF('Working Sheet'!B143="ITEM",'Working Sheet'!H143,"") -> 0.9879 | J99: =IF('Working Sheet'!B143="ITEM",'Working Sheet'!I143,"") -> 0 | K99: =IF('Working Sheet'!B143="ITEM",'Working Sheet'!J143,"") -> 0 | L99: =IF('Working Sheet'!B143="ITEM",'Working Sheet'!K143,"") -> 34.929 | M99: =IFERROR(Table2[[#This Row],[Value(1000$) 2022]]/Table2[[#This Row],[Volume(1000) 2022]],0) -> 0 | N99: =IFERROR(Table2[[#This Row],[Value(1000$) 2023]]/Table2[[#This Row],[Volume(1000) 2023]],0) -> 0 | O99: =IFERROR(Table2[[#This Row],[Value(1000$) 2024]]/Table2[[#This Row],[Volume(1000) 2024]],0) -> 0.028283089 | P99: =SUM(Table2[[#This Row],[Value(1000$) 2022]:[Value(1000$) 2024]]) -> 0.9879 | Q99: =SUM(Table2[[#This Row],[Volume(1000) 2022]:[Volume(1000) 2024]]) -> 34.929 | R99: =AVERAGE(Table2[[#This Row],[Average Price(2022)]:[Average Price(2024)]]) -> 0.0094276962
A100: ClearSight BABY ALOE VERA PH5.5 W 80 BAG | B100: ClearSight | C100: ClearSight (ClearSight) | D100: BAGS | E100: PH BALANCED | F100: =IF('Working Sheet'!B144="ITEM",'Working Sheet'!E144,"") -> 80 | G100: =IF('Working Sheet'!B144="ITEM",'Working Sheet'!F144,"") -> 15.2672 | H100: =IF('Working Sheet'!B144="ITEM",'Working Sheet'!G144,"") -> 16.3183 | I100: =IF('Working Sheet'!B144="ITEM",'Working Sheet'!H144,"") -> 16.7841 | J100: =IF('Working Sheet'!B144="ITEM",'Working Sheet'!I144,"") -> 431.1587 | K100: =IF('Working Sheet'!B144="ITEM",'Working Sheet'!J144,"") -> 473.6733 | L100: =IF('Working Sheet'!B144="ITEM",'Working Sheet'!K144,"") -> 505.8054 | M100: =IFERROR(Table2[[#This Row],[Value(1000$) 2022]]/Table2[[#This Row],[Volume(1000) 2022]],0) -> 0.035409699 | N100: =IFERROR(Table2[[#This Row],[Value(1000$) 2023]]/Table2[[#This Row],[Volume(1000) 2023]],0) -> 0.034450538 | O100: =IFERROR(Table2[[#This Row],[Value(1000$) 2024]]/Table2[[#This Row],[Volume(1000) 2024]],0) -> 0.03318292 | P100: =SUM(Table2[[#This Row],[Value(1000$) 2022]:[Value(1000$) 2024]]) -> 48.3696 | Q100: =SUM(Table2[[#This Row],[Volume(1000) 2022]:[Volume(1000) 2024]]) -> 1410.6374 | R100: =AVERAGE(Table2[[#This Row],[Average Price(2022)]:[Average Price(2024)]]) -> 0.034347719
A101: ClearSight BABY CALENDULA PH5.5 W 80 BAG | B101: ClearSight | C101: ClearSight (ClearSight) | D101: BAGS | E101: PH BALANCED | F101: =IF('Working Sheet'!B145="ITEM",'Working Sheet'!E145,"") -> 80 | G101: =IF('Working Sheet'!B145="ITEM",'Working Sheet'!F145,"") -> 9.5295 | H101: =IF('Working Sheet'!B145="ITEM",'Working Sheet'!G145,"") -> 13.3953 | I101: =IF('Working Sheet'!B145="ITEM",'Working Sheet'!H145,"") -> 18.127 | J101: =IF('Working Sheet'!B145="ITEM",'Working Sheet'!I145,"") -> 274.455 | K101: =IF('Working Sheet'!B145="ITEM",'Working Sheet'!J145,"") -> 396.7211 | L101: =IF('Working Sheet'!B145="ITEM",'Working Sheet'!K145,"") -> 559.5911 | M101: =IFERROR(Table2[[#This Row],[Value(1000$) 2022]]/Table2[[#This Row],[Volume(1000) 2022]],0) -> 0.034721539 | N101: =IFERROR(Table2[[#This Row],[Value(1000$) 2023]]/Table2[[#This Row],[Volume(1000) 2023]],0) -> 0.03376503 | O101: =IFERROR(Table2[[#This Row],[Value(1000$) 2024]]/Table2[[#This Row],[Volume(1000) 2024]],0) -> 0.032393296 | P101: =SUM(Table2[[#This Row],[Value(1000$) 2022]:[Value(1000$) 2024]]) -> 41.0518 | Q101: =SUM(Table2[[#This Row],[Volume(1000) 2022]:[Volume(1000) 2024]]) -> 1230.7672 | R101: =AVERAGE(Table2[[#This Row],[Average Price(2022)]:[Average Price(2024)]]) -> 0.033626622
A102: ClearSight BABY CHAMOMILE PH5.5 W 80 BAG | B102: ClearSight | C102: ClearSight (ClearSight) | D102: BAGS | E102: PH BALANCED | F102: =IF('Working Sheet'!B146="ITEM",'Working Sheet'!E146,"") -> 80 | G102: =IF('Working Sheet'!B146="ITEM",'Working Sheet'!F146,"") -> 11.2293 | H102: =IF('Working Sheet'!B146="ITEM",'Working Sheet'!G146,"") -> 14.7631 | I102: =IF('Working Sheet'!B146="ITEM",'Working Sheet'!H146,"") -> 16.1319 | J102: =IF('Working Sheet'!B146="ITEM",'Working Sheet'!I146,"") -> 318.9381 | K102: =IF('Working Sheet'!B146="ITEM",'Working Sheet'!J146,"") -> 440.8152 | L102: =IF('Working Sheet'!B146="ITEM",'Working Sheet'!K146,"") -> 474.5857 | M102: =IFERROR(Table2[[#This Row],[Value(1000$) 2022]]/Table2[[#This Row],[Volume(1000) 2022]],0) -> 0.035208399 | N102: =IFERROR(Table2[[#This Row],[Value(1000$) 2023]]/Table2[[#This Row],[Volume(1000) 2023]],0) -> 0.033490451 | O102: =IFERROR(Table2[[#This Row],[Value(1000$) 2024]]/Table2[[#This Row],[Volume(1000) 2024]],0) -> 0.033991543 | P102: =SUM(Table2[[#This Row],[Value(1000$) 2022]:[Value(1000$) 2024]]) -> 42.1243 | Q102: =SUM(Table2[[#This Row],[Volume(1000) 2022]:[Volume(1000) 2024]]) -> 1234.339 | R102: =AVERAGE(Table2[[#This Row],[Average Price(2022)]:[Average Price(2024)]]) -> 0.034230131
A103: OKIDOKI FreshClean CAMOMILLA 60 BAG | B103: CodeInt B.V. | C103: OKIDOKI (CodeInt B.V.) | D103: BAGS | E103: WITHOUT EXTRA PROTECTCARE INDICATION | F103: =IF('Working Sheet'!B149="ITEM",'Working Sheet'!E149,"") -> 60 | G103: =IF('Working Sheet'!B149="ITEM",'Working Sheet'!F149,"") -> 0.0103 | H103: =IF('Working Sheet'!B149="ITEM",'Working Sheet'!G149,"") -> 0 | I103: =IF('Working Sheet'!B149="ITEM",'Working Sheet'!H149,"") -> 0 | J103: =IF('Working Sheet'!B149="ITEM",'Working Sheet'!I149,"") -> 0.3876 | K103: =IF('Working Sheet'!B149="ITEM",'Working Sheet'!J149,"") -> 0 | L103: =IF('Working Sheet'!B149="ITEM",'Working Sheet'!K149,"") -> 0 | M103: =IFERROR(Table2[[#This Row],[Value(1000$) 2022]]/Table2[[#This Row],[Volume(1000) 2022]],0) -> 0.026573787 | N103: =IFERROR(Table2[[#This Row],[Value(1000$) 2023]]/Table2[[#This Row],[Volume(1000) 2023]],0) -> 0 | O103: =IFERROR(Table2[[#This Row],[Value(1000$) 2024]]/Table2[[#This Row],[Volume(1000) 2024]],0) -> 0 | P103: =SUM(Table2[[#This Row],[Value(1000$) 2022]:[Value(1000$) 2024]]) -> 0.0103 | Q103: =SUM(Table2[[#This Row],[Volume(1000) 2022]:[Volume(1000) 2024]]) -> 0.3876 | R103: =AVERAGE(Table2[[#This Row],[Average Price(2022)]:[Average Price(2024)]]) -> 0.0088579291
A104: BABY WISH VITE&PROVITAMINB5 W 120 BAG | B104: ChillClean | C104: BABY WISH (ChillClean) | D104: BAGS | E104: WITHOUT EXTRA PROTECTCARE INDICATION | F104: =IF('Working Sheet'!B152="ITEM",'Working Sheet'!E152,"") -> 120 | G104: =IF('Working Sheet'!B152="ITEM",'Working Sheet'!F152,"") -> 0 | H104: =IF('Working Sheet'!B152="ITEM",'Working Sheet'!G152,"") -> 1.8077 | I104: =IF('Working Sheet'!B152="ITEM",'Working Sheet'!H152,"") -> 54.2507 | J104: =IF('Working Sheet'!B152="ITEM",'Working Sheet'!I152,"") -> 0 | K104: =IF('Working Sheet'!B152="ITEM",'Working Sheet'!J152,"") -> 127.6024 | L104: =IF('Working Sheet'!B152="ITEM",'Working Sheet'!K152,"") -> 2956.24 | M104: =IFERROR(Table2[[#This Row],[Value(1000$) 2022]]/Table2[[#This Row],[Volume(1000) 2022]],0) -> 0 | N104: =IFERROR(Table2[[#This Row],[Value(1000$) 2023]]/Table2[[#This Row],[Volume(1000) 2023]],0) -> 0.014166661 | O104: =IFERROR(Table2[[#This Row],[Value(1000$) 2024]]/Table2[[#This Row],[Volume(1000) 2024]],0) -> 0.01835125 | P104: =SUM(Table2[[#This Row],[Value(1000$) 2022]:[Value(1000$) 2024]]) -> 56.0584 | Q104: =SUM(Table2[[#This Row],[Volume(1000) 2022]:[Volume(1000) 2024]]) -> 3083.8424 | R104: =AVERAGE(Table2[[#This Row],[Average Price(2022)]:[Average Price(2024)]]) -> 0.010839304
A105: COSMI BABY ARGAN W 20 BAG | B105: Cosmopolitan Italy | C105: COSMI | D105: BAGS | E105: WITHOUT EXTRA PROTECTCARE INDICATION | F105: =IF('Working Sheet'!B155="ITEM",'Working Sheet'!E155,"") -> 20 | G105: =IF('Working Sheet'!B155="ITEM",'Working Sheet'!F155,"") -> 0 | H105: =IF('Working Sheet'!B155="ITEM",'Working Sheet'!G155,"") -> 0.1202 | I105: =IF('Working Sheet'!B155="ITEM",'Working Sheet'!H155,"") -> 0 | J105: =IF('Working Sheet'!B155="ITEM",'Working Sheet'!I155,"") -> 0 | K105: =IF('Working Sheet'!B155="ITEM",'Working Sheet'!J155,"") -> 2.4086 | L105: =IF('Working Sheet'!B155="ITEM",'Working Sheet'!K155,"") -> 0 | M105: =IFERROR(Table2[[#This Row],[Value(1000$) 2022]]/Table2[[#This Row],[Volume(1000) 2022]],0) -> 0 | N105: =IFERROR(Table2[[#This Row],[Value(1000$) 2023]]/Table2[[#This Row],[Volume(1000) 2023]],0) -> 0.049904509 | O105: =IFERROR(Table2[[#This Row],[Value(1000$) 2024]]/Table2[[#This Row],[Volume(1000) 2024]],0) -> 0 | P105: =SUM(Table2[[#This Row],[Value(1000$) 2022]:[Value(1000$) 2024]]) -> 0.1202 | Q105: =SUM(Table2[[#This Row],[Volume(1000) 2022]:[Volume(1000) 2024]]) -> 2.4086 | R105: =AVERAGE(Table2[[#This Row],[Average Price(2022)]:[Average Price(2024)]]) -> 0.016634836
A106: AQUELLA BABY AMUR WITH CREAM W 120 BAG | B106: CottonUnion | C106: AQUELLA ( CottonUnion) | D106: BAGS | E106: PH BALANCED | F106: =IF('Working Sheet'!B158="ITEM",'Working Sheet'!E158,"") -> 120 | G106: =IF('Working Sheet'!B158="ITEM",'Working Sheet'!F158,"") -> 28.357 | H106: =IF('Working Sheet'!B158="ITEM",'Working Sheet'!G158,"") -> 20.5802 | I106: =IF('Working Sheet'!B158="ITEM",'Working Sheet'!H158,"") -> 0.7889 | J106: =IF('Working Sheet'!B158="ITEM",'Working Sheet'!I158,"") -> 1646.7402 | K106: =IF('Working Sheet'!B158="ITEM",'Working Sheet'!J158,"") -> 1088.8001 | L106: =IF('Working Sheet'!B158="ITEM",'Working Sheet'!K158,"") -> 38.9687 | M106: =IFERROR(Table2[[#This Row],[Value(1000$) 2022]]/Table2[[#This Row],[Volume(1000) 2022]],0) -> 0.017220081 | N106: =IFERROR(Table2[[#This Row],[Value(1000$) 2023]]/Table2[[#This Row],[Volume(1000) 2023]],0) -> 0.018901725 | O106: =IFERROR(Table2[[#This Row],[Value(1000$) 2024]]/Table2[[#This Row],[Volume(1000) 2024]],0) -> 0.020244453 | P106: =SUM(Table2[[#This Row],[Value(1000$) 2022]:[Value(1000$) 2024]]) -> 49.7261 | Q106: =SUM(Table2[[#This Row],[Volume(1000) 2022]:[Volume(1000) 2024]]) -> 2774.509 | R106: =AVERAGE(Table2[[#This Row],[Average Price(2022)]:[Average Price(2024)]]) -> 0.018788753
A107: AQUELLA BABY ULTRA SOFT CREAM W 120 BAG | B107: CottonUnion | C107: AQUELLA ( CottonUnion) | D107: BAGS | E107: ALCOHOL FREE | F107: =IF('Working Sheet'!B159="ITEM",'Working Sheet'!E159,"") -> 120 | G107: =IF('Working Sheet'!B159="ITEM",'Working Sheet'!F159,"") -> 12.0033 | H107: =IF('Working Sheet'!B159="ITEM",'Working Sheet'!G159,"") -> 12.0252 | I107: =IF('Working Sheet'!B159="ITEM",'Working Sheet'!H159,"") -> 1.8045 | J107: =IF('Working Sheet'!B159="ITEM",'Working Sheet'!I159,"") -> 643.4199 | K107: =IF('Working Sheet'!B159="ITEM",'Working Sheet'!J159,"") -> 689.1837 | L107: =IF('Working Sheet'!B159="ITEM",'Working Sheet'!K159,"") -> 98.8374 | M107: =IFERROR(Table2[[#This Row],[Value(1000$) 2022]]/Table2[[#This Row],[Volume(1000) 2022]],0) -> 0.018655469 | N107: =IFERROR(Table2[[#This Row],[Value(1000$) 2023]]/Table2[[#This Row],[Volume(1000) 2023]],0) -> 0.017448468 | O107: =IFERROR(Table2[[#This Row],[Value(1000$) 2024]]/Table2[[#This Row],[Volume(1000) 2024]],0) -> 0.018257259 | P107: =SUM(Table2[[#This Row],[Value(1000$) 2022]:[Value(1000$) 2024]]) -> 25.833 | Q107: =SUM(Table2[[#This Row],[Volume(1000) 2022]:[Volume(1000) 2024]]) -> 1431.441 | R107: =AVERAGE(Table2[[#This Row],[Average Price(2022)]:[Average Price(2024)]]) -> 0.018120399
A108: AQUELLA TROPIC ALC.FREE W 120 BAG | B108: CottonUnion | C108: AQUELLA ( CottonUnion) | D108: BAGS | E108: ALCOHOL FREE | F108: =IF('Working Sheet'!B160="ITEM",'Working Sheet'!E160,"") -> 120 | G108: =IF('Working Sheet'!B160="ITEM",'Working Sheet'!F160,"") -> 0.116 | H108: =IF('Working Sheet'!B160="ITEM",'Working Sheet'!G160,"") -> 0 | I108: =IF('Working Sheet'!B160="ITEM",'Working Sheet'!H160,"") -> 0 | J108: =IF('Working Sheet'!B160="ITEM",'Working Sheet'!I160,"") -> 6.96 | K108: =IF('Working Sheet'!B160="ITEM",'Working Sheet'!J160,"") -> 0 | L108: =IF('Working Sheet'!B160="ITEM",'Working Sheet'!K160,"") -> 0 | M108: =IFERROR(Table2[[#This Row],[Value(1000$) 2022]]/Table2[[#This Row],[Volume(1000) 2022]],0) -> 0.016666667 | N108: =IFERROR(Table2[[#This Row],[Value(1000$) 2023]]/Table2[[#This Row],[Volume(1000) 2023]],0) -> 0 | O108: =IFERROR(Table2[[#This Row],[Value(1000$) 2024]]/Table2[[#This Row],[Volume(1000) 2024]],0) -> 0 | P108: =SUM(Table2[[#This Row],[Value(1000$) 2022]:[Value(1000$) 2024]]) -> 0.116 | Q108: =SUM(Table2[[#This Row],[Volume(1000) 2022]:[Volume(1000) 2024]]) -> 6.96 | R108: =AVERAGE(Table2[[#This Row],[Average Price(2022)]:[Average Price(2024)]]) -> 0.0055555556
